magnitude,cdi,mmi,sig,nst,dmin,gap,depth,latitude,longitude,Year,Month,tsunami
6.0,1,1,695,263,4.116069993386865,20.437315618731603,436.93624588276344,55.68651799865023,129.15072921930619,1976,5,0
5.4,10,6,980,262,3.131924474428749,165.15774173767403,164.86107724529742,-21.72898948904198,72.16375155276884,2011,4,0
6.1,9,3,380,291,0.7513432035978176,140.00602400252114,162.17854453636116,-81.49952223094414,-35.347154903389736,2022,8,0
7.0,6,7,523,273,0.6226212309482606,148.02104006223254,200.67823424483095,-58.240841315336944,-152.53111649733137,2004,7,1
5.3,0,5,955,2,1.8485306195040851,162.49748183361157,122.60698141659802,82.06257102987283,83.77206619349056,1999,6,0
5.3,7,9,369,27,0.9089028844217601,94.4819976106509,274.5866005362476,-77.32703476754745,42.07851214746535,1981,5,1
7.1,2,3,253,148,3.326732566893556,81.21477446113026,98.23868005261599,-26.112383825757078,-178.95178157983605,2004,5,0
6.3,1,4,713,27,2.2495712651236675,59.47046525981097,78.85636348970988,0.5722500692420169,-176.6088518499197,1980,10,0
5.0,2,8,826,64,4.28208513893294,106.05863058261399,23.48686453102061,-1.2094510790591926,111.1654703493698,2013,2,0
6.0,4,6,761,20,1.7979859114177055,81.77011142216806,24.51376847528985,-89.28721025781431,-86.61609403133261,1973,4,0
5.0,10,9,182,251,0.21951818258055855,81.28180558900353,238.30396539276563,0.20929166234826369,49.00812038210364,1994,8,0
5.0,7,8,721,234,2.1009838411278494,168.64701547160502,54.77996566878534,-20.92095756406634,-16.482808884510916,2017,8,0
5.7,9,6,998,226,2.9461321319345557,177.12567257024344,339.4021333549614,84.97428038542029,130.83480522783623,2001,11,0
3.6,6,0,525,12,1.1715203369555331,143.36719007932453,315.67810908236254,-61.35136488111063,150.1060007168959,1989,1,0
3.8,6,7,374,48,1.6473805762172642,136.2164562444471,141.137405782938,-26.252244583290903,178.85077656438744,2019,2,0
4.9,6,3,812,117,0.5592294454793411,122.50046912023826,182.61984934803465,-14.493332683832449,-124.67371110939115,2000,5,0
4.5,7,2,383,53,2.559092579563207,29.893473420032468,462.1645602270692,-19.675163321829217,130.66705673117116,1973,9,0
5.8,0,6,272,137,1.744997101341062,10.639047757617814,164.24953191769947,29.84954897733526,-84.23230437763137,2007,10,0
4.6,3,2,426,52,0.7652394537469409,124.33073672038736,178.83797210751015,-51.20768564140161,32.69371496238276,2022,11,0
4.1,5,7,817,43,2.962473746337153,131.18152000618366,262.9166052227085,-50.20712049348147,2.0782201929159214,2016,12,0
7.0,8,5,162,52,2.108958761248445,8.455138397665163,172.52611224762774,41.257970730153545,-173.52427263394046,1970,11,0
5.3,1,4,172,73,2.224508733907516,167.04931504119267,43.46193659975937,0.05229336207233359,155.7976607661941,1972,7,0
5.6,0,3,862,45,0.3840479620287981,16.405315100041957,111.48844501484945,-15.27197830968413,-151.80226014628136,2006,10,0
4.1,9,7,735,12,0.2389244773808521,51.46209607881643,149.59105740463437,-59.543450698094674,67.75881098678491,1991,5,0
5.0,1,7,474,164,1.5499395810245318,121.0301663037668,126.49180964644972,-56.24509987581001,102.60246103497434,1986,1,0
5.6,6,0,732,101,0.6109123660941158,30.57706699280574,234.7141284362255,-88.1007053731379,106.30362565716632,1983,6,0
4.3,2,8,607,279,2.403088080697192,9.974859919603997,108.2768972164103,-73.54327160489234,-131.22197318561587,2010,12,1
5.9,9,4,886,257,0.6938600544766196,59.606368049546965,117.88711096217976,10.23096504424339,-18.874817817130037,2004,8,0
4.9,1,3,497,137,1.6683082697935079,137.87488347393224,409.26478529693696,70.53716340151377,118.59439335623273,1982,7,0
5.2,10,5,219,162,2.6667990349799204,74.46216221734686,209.3964365427238,-38.31034227649966,-71.03548426364831,2004,2,0
4.9,6,5,536,110,1.5592494876979484,117.53512594342908,177.2310970078871,-31.005499338696936,-11.610476865121115,2012,12,0
7.4,1,1,928,101,1.705772142641203,104.3314375010646,274.7066768796812,-69.19099008992781,-81.79419862805553,1971,5,0
5.5,2,7,775,16,1.0367336930563313,3.999326764604474,73.85934100440343,-20.046429790721504,-13.121489561283312,2016,11,0
4.4,10,6,564,267,0.5161528238470343,177.9371976682272,36.608019340572056,-83.30009317752075,139.62165213343684,1982,4,0
6.3,6,0,385,181,3.5899397597448925,7.457055987489795,108.14821939023575,75.16812532714204,-16.155276828203,2020,9,0
4.3,3,4,364,23,1.1556957716441403,174.2044927767273,22.137493895491843,31.160042662415165,20.12832614675534,1985,10,0
5.7,0,5,419,28,3.845107272994862,98.97555210559167,382.41534820293367,88.3347856907794,-34.56853801088991,1987,1,0
3.5,4,3,772,170,0.08467344595842086,173.36862487171197,60.555103259564525,68.90816928212885,-14.357814046802815,1976,12,0
4.2,8,1,475,227,1.3509211782018098,20.655647894490382,80.0446709873745,-4.861693134332526,-174.5372883432882,2014,6,0
5.7,7,3,919,187,0.4259823436721978,88.27353345339237,342.4880449693701,3.543305607067836,-77.85161641423583,2005,3,0
6.2,8,0,188,229,1.8879770276868297,30.510736535890555,28.664863611135786,-55.69631162690511,-22.8305801729432,2010,11,0
5.7,9,6,753,118,2.3425130020901817,9.175477864039634,279.8518700061269,-6.832918288879995,48.16691135738239,1999,9,0
5.4,8,1,302,155,1.9036991435513508,111.15524071121608,161.11512162820708,72.54501722870609,-17.981305000598837,2011,5,0
5.2,6,1,920,271,2.562778215622043,37.40101577310446,381.11818794862165,-80.8463837455522,-58.38586440423694,2010,6,0
4.0,3,8,838,174,0.9802405172165097,105.78546329175828,39.93501462924485,65.44022453969575,-40.284455276103415,1976,11,0
4.8,4,4,433,103,0.7142074485044836,20.225606750817413,396.37989347260066,-28.62939570433025,-92.77440148783205,1984,9,0
5.0,0,1,321,91,1.6372895109139574,59.7575648578865,19.87185594369511,71.91229771733578,152.81794179865904,2009,9,0
6.6,0,10,140,185,1.9576764027468472,140.6938604495845,114.48319654222546,79.35838314146724,7.827561284729256,1988,8,0
5.8,2,8,807,282,1.2582761383602359,78.66927393159378,373.8018574574603,30.755679660343063,-175.17259660603568,2012,9,0
3.7,7,8,167,180,0.8981278936562003,112.99417468152055,19.077171690618794,29.59628158668201,-172.9993469689632,2006,4,0
5.8,1,0,875,169,0.713773891818482,116.54242933419827,208.20597199158064,-8.50421921242679,170.26618858273497,1971,6,0
5.1,3,10,613,186,0.9446806579843148,151.87590791771285,132.27917543167223,60.39724041786735,-100.27767910563179,2011,5,0
4.8,1,2,972,174,0.6456458027531242,58.48610299319543,175.02977270207845,83.09029651799096,110.0189839731533,2017,5,0
6.1,4,3,736,221,0.20794924215504307,123.71320126485315,125.84313136669401,49.51472406104145,-159.0208914381932,1982,4,1
6.5,8,6,721,232,1.3593833210862531,173.09084526830983,59.52597570295728,21.948612076207652,151.61858521003768,2009,2,0
6.4,0,9,697,161,1.726238678399429,131.44380018441623,39.55951028453393,19.222721247840624,134.79012132000423,2010,12,0
4.7,4,3,731,133,0.15585187157927116,88.17668580919401,120.915236073665,62.904582285059206,25.593538476425294,2012,6,0
5.2,8,1,226,223,0.39889664621891374,113.52914000854726,277.9418237740578,7.4166778388337065,-176.7604833780279,2012,9,0
5.8,0,6,354,152,0.6930673731026973,133.14292159735948,298.9059821353286,54.69477952478809,-87.18808535159847,2000,12,0
6.5,8,5,794,32,1.0072199610651773,110.20963782489704,52.01659337624197,1.5993459313642404,-33.543846936552626,1985,1,0
5.0,7,2,115,54,0.8077217956213493,3.0016464281710475,288.83203650489145,-78.76003050469366,-14.37691797087777,2011,7,0
5.3,3,5,576,6,1.9895817994845908,35.059229583700656,363.0745349169299,-20.889538397252053,-72.83564691754607,2013,6,0
4.4,10,10,161,243,1.4785505235557137,145.88427909878388,60.683496181908815,-10.000627619130228,-168.1387674316092,1975,3,0
4.3,9,5,980,125,1.2125557975101753,49.077116516247244,212.69782633812497,-64.50889590240891,32.44586613355517,1997,1,0
6.3,4,4,531,11,1.2903540988803668,131.6811815210041,10.762370829506793,-71.5506607459417,8.695680370112143,2001,4,0
6.9,4,3,769,15,0.09597122825831683,66.98163874350577,84.22872135262429,6.383690938251746,-78.11977124553202,2013,9,0
5.4,10,9,367,207,2.3263634586607163,93.93917906842977,346.0300918109975,-74.67414541990522,-166.32865167494165,1979,2,0
6.5,5,0,134,42,2.7547014288828255,12.235193967492666,50.34578098577565,-35.46986977978489,178.05390739989843,2019,3,0
5.9,6,9,878,134,1.3506207646343653,32.62060098894772,35.692557587097404,44.02745567335367,-6.484972742493881,1987,2,0
4.9,7,5,675,227,0.6079623744112688,172.29545343346223,78.66487915293098,83.59779232223653,92.16152703866777,1973,2,0
5.9,7,1,593,110,2.581890274340589,160.22484962044453,104.30901739029741,39.216704499347145,-17.166947381519208,1978,10,0
7.0,10,2,661,159,1.298353993225491,117.40951996182903,205.50716442659095,88.67259872151664,-164.45869528934108,1976,11,0
5.5,1,7,568,263,1.2304039587906765,82.73602752943273,89.18442967085548,35.70083483029248,-68.54373176921997,2019,11,0
7.1,8,9,866,224,1.0977794720977765,121.63703272114029,423.8538566432482,-37.11699528222105,-64.76034923787557,1977,8,1
2.9,6,5,760,216,3.275420184562967,111.34985203690903,305.7247776102295,30.96945729096514,121.80704545764576,2012,3,0
6.3,3,2,424,44,3.0267038698918443,102.33940600883018,180.72537759739302,36.388217735442694,55.52279207995477,1976,7,0
5.6,3,6,403,213,2.7757147131443674,10.651872935437527,185.08182378620822,-23.089142769037096,-80.84523468978978,2010,8,0
5.2,10,3,375,58,1.0366863428868154,113.90446991907125,23.471371148175002,-86.81150689030997,168.38638367727094,2009,3,0
5.6,7,8,968,131,2.711283243432483,138.4056080228103,310.9026358574081,36.57596125958764,-64.2449403367663,1972,2,0
3.5,3,4,783,103,0.9722611174104279,178.93469783620358,23.886337892139863,-86.09398285040251,179.3642492983393,1986,8,0
5.3,5,2,300,194,2.0527739282381394,1.9941394669757417,143.85553746643006,23.613854050812805,178.61892954129473,1971,3,0
5.9,4,1,544,156,0.9070708808528548,131.43122159592178,80.93934986906469,-60.549032026340086,-111.16421361117295,1984,7,0
7.0,2,10,423,97,1.9817387351068056,102.92207686847648,296.64294078775094,11.808634994647804,-67.41319817217594,2015,12,1
5.0,9,1,134,225,1.0087503199981505,78.1293916945722,444.68191804969206,0.7043445685080059,-5.024088545524478,1998,1,0
4.7,10,2,581,204,0.3435876148645506,22.96263142284676,62.92420623610643,-87.56754438488714,59.07624161324074,2019,12,1
5.0,1,1,827,78,2.588115744872214,73.63532675427771,283.4312674354711,-24.684152940881376,10.097081641367737,2017,6,0
6.4,8,3,579,123,1.303081924038469,63.78789293750435,62.53521003239564,18.19641013133449,168.99892888761246,2021,12,0
5.8,9,1,164,217,1.9785830743653496,54.509380016173594,67.97123258267644,62.74917934178035,80.63609912484895,1991,12,0
5.0,8,9,107,3,1.23617188744115,131.55833219799737,185.76877410523974,69.95558049057311,-103.66385422212922,1973,9,0
6.0,0,8,400,89,0.27046465967528066,126.13059383116749,46.16088991983386,-2.907005394019805,-142.1648819230902,2021,12,0
5.6,9,1,442,103,3.4125839670357885,106.02361637656408,63.30365479213593,41.116047713898865,67.82446465536842,1975,3,0
6.5,2,8,530,118,1.5324523821364984,168.959666392807,76.41215157741176,-33.03817622397762,-122.95712153492532,2007,7,0
4.8,7,5,523,132,0.4674270334417727,62.973789152553806,12.380396621775759,-28.40644696344166,103.5636625208715,1995,6,0
5.2,5,0,431,95,2.917494205478074,43.884348787832316,152.64648536303656,-54.99656654718353,-68.02679978627869,1980,8,0
5.1,4,3,537,142,0.9812356608184358,118.06259635771193,351.6967432287001,11.150659798783067,-62.318425299981655,1995,3,0
4.0,4,0,687,287,4.354425476193979,35.78653096873253,13.45771313276498,-33.378452833074256,-176.1125787397757,1986,3,0
5.8,5,5,273,27,0.7312753635048572,56.70189129301643,187.57999359918205,-74.81323864106909,72.36405615421464,1993,4,0
5.8,6,3,658,277,0.9020213110750648,40.42843921347927,378.1457882011067,33.301095599372175,-139.22288889671313,1997,3,0
5.5,0,2,626,232,3.858912022686347,12.447642189330221,29.66728882604737,37.39557736897167,98.23700788686654,2004,9,0
5.3,8,2,972,16,0.30524858039081293,148.9497734944212,287.0739561647574,-25.201364619769592,-2.927584109805565,2000,11,0
4.1,2,8,758,58,1.3648668547834408,45.81729772589901,388.00476908358866,-76.1897880979159,102.34073338364487,1982,4,0
5.1,3,5,125,89,2.076536112159195,85.14495060174372,27.0764802125356,-13.266410867383328,30.213554111186852,2004,6,0
5.2,9,8,919,198,2.7762587914902186,7.79674918577615,61.641706566363936,-10.379617550961214,-150.32402207316332,1985,8,0
4.7,0,4,704,25,1.449661845582347,125.88110392547576,13.585105981614703,30.36075928162073,95.63484121386591,1984,11,0
5.3,10,1,505,24,0.0290268875049442,59.50098041513235,33.60964298738091,-33.225049573436976,-154.8721854378901,2012,8,0
5.9,9,7,331,266,1.3284887850009888,134.0526110092578,268.1645335711039,32.86787036063498,-7.667380595040385,1987,5,1
7.4,2,4,632,180,0.37102668200241806,74.2325508842159,104.74503590191915,66.8679375163299,-117.95428290781322,2016,5,0
5.7,1,1,918,67,1.3735175145467855,35.23600915301243,357.61308722109385,-47.25251237480403,90.84066407203858,2006,6,0
5.8,1,3,649,48,3.4422243186352874,92.37151481076646,110.15151054524361,86.20552010158195,148.17284201020556,2017,10,0
5.4,0,8,887,174,2.1338877874656905,23.490820734739163,202.8849839235127,-20.453735315374743,19.48541880897872,2017,7,0
3.6,7,3,604,51,1.3099696571475083,79.29704877713905,154.75544231173575,-41.89343667352888,9.77302594770498,2018,10,0
5.5,2,3,768,101,2.107736248909511,57.11498593568758,296.1120857738413,-14.12798714814771,95.02675067722248,2010,7,0
5.6,2,1,278,215,2.2151209778637786,164.15272515593398,85.73109620258258,-73.00845433730535,-178.1716273287382,1996,4,0
8.0,5,5,231,187,0.6168111544530879,10.967169909729591,137.01687959325474,-67.37293682781919,150.39311134865784,2004,6,0
5.3,7,10,922,56,1.062584066823547,124.92313453903357,440.8594476050623,-15.401871545700345,-108.91842584719258,2021,7,0
5.8,8,1,554,46,4.843791488998773,32.895209877738466,298.93055630706016,47.240013949038,174.2827981774454,2014,5,0
5.5,8,6,447,158,2.8192314775477993,57.42811337980317,56.18508355649985,72.05620312340835,85.05142126576641,2004,5,1
4.3,3,2,639,173,0.2448466612582002,74.79253135117187,36.22937663638754,29.66723832892876,98.73041317224158,1997,2,0
6.6,4,2,871,241,0.09518815582356766,163.44271608749537,269.01177329627717,-71.06048005712945,56.23307293449838,2008,7,0
6.3,1,4,505,281,0.04521141523659655,43.664087893288524,215.85678268517736,30.96355719249631,-10.201254197342308,2007,12,0
6.3,10,2,175,240,2.2994799253930855,16.43558445804064,133.71533653201658,24.377025726534953,25.785969610019578,1978,6,0
4.6,8,1,678,4,3.411461381674326,57.364128718294246,15.40273719869765,55.037505292799636,-163.29496103455477,1981,11,0
6.9,7,9,953,83,1.8732505667200872,18.841674696396,34.72207274663333,58.54475999739256,44.62542339552513,1984,1,0
4.1,2,8,591,247,1.235743524803227,23.14736747289945,20.496087076388775,66.2765536402162,45.39531671533683,1990,4,0
6.1,10,1,293,53,0.3337669635508427,103.29310763550481,12.073756716258998,-15.4563273757623,140.83228706465138,2021,3,0
7.7,8,10,261,160,1.4940597183752902,10.962347957908797,70.22962731919652,35.61559116338597,2.036288674878989,2004,12,0
4.5,2,1,446,225,0.23018258014431425,5.567558650841886,103.03972718966037,-41.714935393984064,-152.22802532901804,2011,3,0
4.9,8,7,460,14,1.903648320816858,128.5945382646896,79.26305915386877,89.88053039703078,-69.76946862645076,2002,7,0
5.6,1,8,868,223,3.4552385351686734,65.09647707138801,85.47583418289355,-58.43983655216521,56.026588361154296,2020,11,0
5.0,9,6,683,60,0.5087190055431638,22.56756286209719,369.9746464438094,-88.17940230104955,-93.86680940947299,1988,12,0
3.9,8,2,186,121,0.512751439496021,45.65029875474748,69.97483372016313,-63.21443138672832,-79.00998413205566,1992,10,0
5.6,7,8,361,276,1.9845361759439362,115.57557132343183,269.6658401388096,49.6570121179428,115.36884588990722,1982,4,0
4.4,8,2,313,45,3.151700304019081,49.59658208535321,130.0858450928979,-9.578938228521935,30.355103434575256,2013,12,0
6.0,4,4,764,293,1.385695978627932,89.01380252167343,168.4203922086286,-9.44995539412291,3.0698754384860933,1970,8,0
4.6,10,8,821,61,0.7905664814912425,21.90515521080101,113.45675000661541,81.90412553010034,-65.35729194991043,2020,11,0
7.0,10,2,672,85,0.5479803254626733,105.85685476898045,205.15713135864402,75.53428344505338,83.134092935892,1998,9,0
4.7,1,6,879,209,0.017728107537618998,56.89398309178753,9.421789439708242,-33.984947195278345,-76.42136358358944,1993,3,0
5.2,7,0,361,77,0.9426834587930185,112.85431821516897,17.329320873057156,-52.36953681944409,85.34286635190307,1985,5,0
6.3,5,3,829,201,2.8479767069044537,145.51107881472413,60.87029570940333,62.726797788073156,-154.76346710372087,1994,4,0
4.3,7,3,382,222,2.806082894104826,110.09635549019863,218.6853934243391,73.08343278798537,131.23488296955009,1992,12,0
5.7,10,6,747,221,0.3829152549587639,53.23456126710372,244.41816375129218,7.487446103727649,-0.1560731846641943,1997,10,0
6.8,4,7,566,2,0.27392554541947256,46.03386627869407,310.68668830314743,23.29626800107809,-22.1371139883708,2016,6,0
3.9,9,0,479,5,0.8851420173434594,58.93577257202064,22.0062993989915,-43.75542875538719,39.96842815509282,1985,11,0
5.7,1,4,461,92,1.8782361156244243,29.631692382570872,154.84083418030932,54.14448383613444,44.70914624265737,2012,10,0
5.8,5,6,548,7,1.1224638078140723,32.610933153003614,205.78213604241148,23.782037120824157,-132.4673363196016,2007,4,1
6.3,4,3,540,234,0.9498414189444873,142.3243983420302,31.748489533674302,0.6324320336393896,92.24409233383676,1980,8,0
4.3,4,3,192,107,2.2766038210309203,69.2518637713401,171.64943054357303,-79.18045990588875,-80.66581273797735,1972,3,0
4.2,0,3,720,160,3.250857053444003,78.47913250270545,368.816426390369,74.86829325200767,145.78627686116903,1984,11,0
6.0,1,5,852,208,0.8858548470820611,106.92890380202601,28.50434098575974,20.781255669193087,114.4262388293397,1970,5,0
5.8,7,6,966,239,0.8260941784838989,106.13762912727857,71.82695384276197,-55.31560295526577,-55.34422504749054,1976,1,0
5.8,2,1,523,49,0.058331137667374744,12.127836873946631,377.7583862667852,19.149501056949504,110.78614555225721,1970,6,1
5.8,9,4,241,10,2.5120029208675674,149.67734154077982,172.0117535112407,31.943403763195207,-51.699420252034486,2018,11,0
4.8,2,3,390,155,1.1746573609950905,31.918779580309096,101.48601521160268,4.638660602980593,-143.65883461102538,2001,5,0
5.7,7,2,531,69,0.8484418346771159,130.1528944889404,144.15213268051014,39.258312832084044,166.27976594125488,1978,8,0
5.8,7,6,848,168,1.4695745648697194,139.08077786306998,210.56081164264413,14.66171062715236,54.93672547755841,1998,9,0
4.8,1,10,951,271,0.943510084711839,128.68191613643646,629.3037211039492,80.59852476578669,-15.80417040146699,1995,8,0
7.4,7,5,923,67,3.318568446488826,104.21597637974614,226.10153277570788,-80.33452585212477,-36.80159344882571,1992,8,0
6.0,10,6,788,251,0.12371489704040162,2.6296194795989147,149.21769925851297,-70.87577247547911,-63.10607966702497,2014,12,0
4.3,0,4,752,47,0.29593867525282036,64.86758862537073,194.2185592972192,-58.73910534821883,173.32113435448656,2012,3,0
6.2,5,5,800,183,1.0751802771029841,108.87109728526461,15.62306663370849,34.23079270877979,-131.49098455287333,1998,4,0
4.5,7,4,148,186,0.19001854641146454,69.74123326605697,17.5301459186297,26.207257094965556,-66.67017878859541,2021,11,0
6.3,2,6,401,89,0.6379632119992318,155.42638108430634,20.08909684724331,70.57059483774492,-5.220849498241137,2007,4,0
6.7,7,1,980,138,1.3271132629790856,55.584409562930766,64.98999107737538,41.9179415191017,-7.9201637804478935,2002,11,0
4.7,0,10,289,88,1.031421048287715,52.83626264255888,20.488973155203524,1.503987761626604,-10.308065613176353,1976,5,0
6.5,10,4,235,273,0.6186132501019646,47.87958475667843,21.42143844978375,88.52972264345345,-116.71782630106254,1981,9,0
5.9,10,5,654,18,1.8837090385419588,59.90055641294319,1.06309823317374,-42.10056788952615,-127.8242902405798,2000,12,0
6.3,8,5,503,153,3.2752193006948107,100.33289357655369,4.535606316019965,59.97449876138171,-88.28366892169677,2001,9,0
7.4,10,4,991,259,1.5367575230065353,127.26275296906634,98.60237140194016,-13.17773300509451,149.22941536874015,1989,10,0
5.3,8,9,964,107,2.81524727443321,119.26222519298132,65.75860364156918,26.772324997632154,-139.30093157957634,2020,12,0
4.7,4,6,701,284,3.980696456005158,145.38920759666632,83.47249070234061,40.90832468143813,92.67303721439691,1986,1,0
4.6,9,9,906,58,2.120385203606589,159.46451918953647,354.45951266889654,24.075735694260544,92.71742152801369,2005,8,0
4.7,3,7,440,124,3.9346273797826763,146.89422762180322,65.34684774330229,-64.70868544045321,111.51734540301442,1972,1,0
5.4,10,6,856,272,2.636085379224751,3.4101726073838234,492.17819856015626,-10.268818065372102,139.181576036168,1970,2,1
5.8,5,4,803,106,2.9357731283058386,132.46523163935797,120.53790796452238,11.058908027962389,-85.3069760859851,2019,7,0
5.8,6,0,417,298,1.307900340401627,37.51192325129969,39.45191817656749,62.82787665214741,-99.1585910631973,1996,8,0
6.3,4,4,717,244,0.606555981715251,23.927047687436875,319.9166478093999,-10.14376521625698,-12.417960050107297,2022,1,1
5.5,10,9,462,246,1.5602217815982409,114.92798126384439,34.09454645836028,75.37451486476527,-84.56789924926699,2016,3,0
7.0,9,1,921,7,0.0631776203698089,57.553775173385084,428.73683034682574,-10.732639855462082,84.35159603391872,2009,7,1
5.2,8,4,481,140,1.6508212763503485,10.281089406679786,49.19937163296323,8.780374667342102,48.93824762691611,2002,9,0
8.2,2,4,332,7,2.940179386026066,24.773352191705044,0.16483241120844383,53.33142292970419,134.99556769895452,1989,8,0
6.1,6,1,876,93,1.0643983678216193,0.1672950365929915,371.30947725766697,14.952183195985853,-150.21421074465422,1983,8,0
4.6,9,4,443,38,3.0170141801531996,162.58025292204732,129.51333700007336,82.83925302890844,149.43000000890692,2005,9,0
4.4,9,3,648,80,1.1414628683934487,4.431237091422946,16.530963615654443,28.86044949254297,-74.39449439876776,1974,10,0
6.0,10,0,916,186,3.591224107046482,37.70203851171199,303.52787521209177,4.087701732168185,-3.3500354662857603,1992,3,0
5.3,4,2,652,83,0.6043819182270922,74.92730052382332,128.88170654483602,-85.75344579945674,-22.099883061728264,2014,8,1
6.2,6,0,628,87,2.503976369481742,64.18283867114744,15.708635005373218,-15.528078435540635,93.71219439759261,1984,1,0
6.0,1,10,955,241,0.31740511051004905,164.11065784429962,101.2971332946068,-36.135284533171124,-28.68000860453668,1975,8,0
5.4,3,4,888,92,2.4429349293330676,7.252010232217581,120.34914537500615,44.65902021974807,159.6791324337874,2002,7,0
4.7,1,3,918,85,1.3488923623417246,92.19864738186928,44.13977135634624,-52.51001847236176,144.91219774988718,1988,8,0
4.0,6,6,670,43,0.6703742562359067,122.48630325438731,103.56585304143948,-53.06038428706707,133.97801470902232,1982,1,0
5.1,1,4,282,136,2.86082317259663,167.70563526261037,93.16930826557302,-55.88657221727218,-154.34700024663795,1998,6,0
6.4,10,9,140,73,0.6184348362916752,111.66682538226978,112.8944228890164,-67.38918963187753,127.5329021594182,1975,7,0
5.7,0,3,650,35,1.3201795289197156,144.67594248211728,148.51112275277592,-34.01873933924027,101.38876035955576,1984,11,0
4.3,8,1,496,100,2.243064152829876,15.070488812162711,236.80675199446716,69.4659805998165,-142.73533907779284,1985,5,0
5.7,0,3,803,155,3.341424698648601,69.46911196864693,209.87867172408764,49.48712501507188,-141.33084284296012,1993,5,0
5.9,7,1,878,254,4.0525490520488665,67.31048420623215,237.1348912771586,42.34521893522282,-143.58102785368519,1992,7,0
4.6,1,7,593,170,2.8694010146844766,159.53187896202917,50.89990975370488,53.52062501699328,-175.9202664463845,2017,11,0
5.7,7,2,758,215,0.15686451204370844,27.24681082738949,1.4742424399687124,-41.5047799206771,17.50834987005007,1979,3,0
5.6,2,8,432,169,0.5427938657233915,27.33951102059345,5.123578021732698,69.7395043354478,170.42194491697558,2010,6,0
4.4,5,3,226,251,2.108373206565525,59.14046697944372,254.22031458122163,-65.28539247451121,-22.07350695607431,2010,7,0
5.9,2,5,657,54,1.7794216897717026,9.803888526030764,314.0295643991658,-29.457769191195254,14.672700679448297,2018,1,1
6.1,6,9,656,90,3.4425189390870425,32.84244731744821,52.897220671484476,15.614661414121727,168.46912683718398,1986,12,0
6.6,9,4,100,277,4.719084128064868,173.73773493823234,127.46912550088348,-71.47708409843989,-88.13439764127695,2018,2,0
6.6,8,9,267,100,4.4007702926473335,77.07310917609111,321.9775093176816,41.42343379975648,129.04929093537464,2013,12,0
4.1,1,0,719,154,3.240907299697517,113.76345751603856,45.491504689423664,-20.295711323374505,16.700568196224992,2014,4,0
4.6,4,8,118,140,1.7918539734143457,130.70002668203466,277.19776708795484,51.19301980951201,25.011545278683855,1999,8,0
6.0,5,0,431,172,3.023987594418766,66.05305326129609,94.68472844935792,-1.2786685947715029,-56.457411405377925,2013,11,0
6.0,3,7,683,9,3.4921615205925938,26.500873393893055,24.022838978782815,-57.442585603439454,22.170369948086915,2015,10,0
6.0,3,8,555,227,0.7790494041174723,37.18458291992055,61.385761536992376,42.25712604396199,-153.66869658781778,1979,6,0
9.4,3,8,208,264,0.20100854123686096,56.387965784509866,82.00639134516553,-44.61408794899016,95.27168614108041,1988,1,0
6.1,1,0,367,247,0.1511315001075122,114.49231566340062,89.89695583216138,-1.6541457717522974,-77.5124058440622,1998,10,0
6.6,3,1,544,246,0.3145771001679549,71.69049883602979,191.71206297132898,-76.40401155175662,139.53899861782378,1971,5,1
6.5,10,0,339,154,1.0729929838897858,1.2266456220230615,94.7574733115687,21.21599779416661,-47.57374994131496,2005,7,0
6.2,0,9,400,33,1.3748525636765911,94.21329331214494,10.406848873894155,29.854397918929905,-128.58332022472226,1988,6,0
5.2,5,1,701,128,0.4996292016321975,165.8724105433352,169.64777536926726,-21.83864220489896,70.51736677265458,1976,12,0
6.3,0,9,202,159,0.1752832762030736,146.17396998156224,16.22133532241586,81.7961004577933,-120.75186790313897,1995,9,0
4.7,9,7,349,88,2.0518833387650908,148.5380468267336,102.12557152000525,67.35040586677232,91.32498559547656,1984,8,0
5.3,5,4,552,92,1.2724135993802648,143.1104431691036,109.73088965189811,37.42936483319906,168.52040510620196,2016,4,0
5.0,0,10,619,240,1.6444374109505118,58.271548609876255,82.1768765983538,38.45737340887368,100.63903276629424,2007,11,0
5.6,5,6,252,116,3.047723142838122,137.73489007579056,134.51853336550565,-44.567691310412776,-171.91827056472312,1972,12,0
7.8,9,1,958,93,2.296794862811193,25.76904440601474,430.63531851840384,28.226741595920814,35.9588836989989,2007,5,1
3.6,7,7,273,162,3.2783298721789946,118.38890650967163,409.9237520103867,-54.32287225760646,70.34784154910076,1985,7,0
6.2,10,10,442,98,1.119964742167106,115.482342003299,211.92737482170628,-64.07941969443202,117.1649972866627,1971,8,0
3.9,1,5,769,112,3.4176858869685938,4.602563836152241,342.9915917333877,89.90422095646443,-159.83916878195996,2000,5,0
5.0,1,7,530,90,1.5396051465361897,141.83462404636768,76.10312260081913,22.02766766517135,-7.161181937176906,1997,9,0
6.6,3,0,826,205,1.2530593916428043,162.5846589171235,291.70370064614417,-12.422182921705712,12.733514149821957,1976,10,0
5.6,10,0,788,16,3.192289309414755,48.13475012497938,110.95974971497705,-38.13038588088876,-119.1150494480959,1999,12,0
4.4,2,6,786,273,0.30823051878994256,146.23033035350716,159.77008516176565,18.705679859200927,-63.91806850416613,2012,4,0
4.8,3,7,951,172,4.035400851313713,14.833074935150677,404.5374536948092,-81.0731685203845,-21.520178547780546,1976,4,0
6.2,6,2,949,115,0.5768499699440711,107.99421448699188,127.50236165447534,-72.9574217091369,119.95548766480852,2005,8,1
4.8,10,4,757,180,0.8271619573239826,87.41643576016989,37.83185417537605,-84.08579440672865,154.5867237852745,1998,1,0
5.7,0,0,423,90,1.9802529280837933,98.26623599562001,39.716089118631615,-0.14943001272088452,46.232218410362236,1993,8,0
5.5,5,6,772,81,0.4340177348226092,166.71693633918213,311.7171914349805,18.109193253692865,-37.81973303227363,2021,5,0
4.8,2,4,738,113,4.038710637866876,156.83674450443363,40.15042183303002,-78.75364295559224,-88.54883359236506,2008,11,0
7.6,10,7,519,256,0.35064877182227927,141.31505830315626,39.95632078538887,39.82040414980497,173.56866639701417,1973,1,0
6.1,9,7,693,57,1.471673376027943,49.26572238210677,80.66573242743604,-48.52888712737841,173.88719930748903,1998,4,0
3.5,6,8,584,153,1.1383899732171545,164.1273531634965,438.43792253875415,33.336261678575895,152.99170136461248,2013,2,0
5.7,9,6,758,115,2.2193713673462065,17.551384643497546,337.35905774644783,86.74148520634421,102.8408939560149,1974,4,0
4.8,1,10,850,265,0.166085113788357,153.5992589805818,31.53552231489735,34.399056609693204,-62.71936425157743,1998,8,0
6.4,1,0,511,202,2.0399870354989016,59.0688130236494,316.7019087983692,68.97474952624952,114.12017405914702,1999,5,0
4.7,3,2,183,40,0.3574821404412073,9.679016099157007,50.672818650101604,80.67573121375213,-32.83451378237788,1998,1,0
5.4,0,7,212,104,2.0704020300841997,120.48425716333469,122.92042822359869,-2.3848112965832087,-62.36168466418374,1995,7,0
6.0,2,2,836,192,1.1967851355158252,41.630387096871985,248.86926150028,36.41849629554723,88.15152904786066,1988,1,0
6.4,8,7,431,277,1.1296427756176528,43.84280265563375,232.61840610595584,63.3544656400515,-151.32458605664777,1995,9,0
4.3,6,0,477,236,2.3216073604339202,55.08848992117887,101.12954077008591,-25.810395682610505,-162.5174196135618,2006,3,0
5.2,6,4,854,220,3.334000857758806,11.463258150453012,209.17112593080915,-42.94848301912892,-18.736669014773184,1996,12,0
5.0,10,3,754,67,3.868614114875198,31.882885955685726,56.330764933498884,80.38774310010098,-19.570031704021716,1999,3,0
4.8,3,4,140,196,2.2962313202063287,0.9251329654008544,35.85670484398345,40.73463006638724,142.4318951029806,2020,6,0
7.3,1,7,869,255,1.4179287880988773,80.17371379904162,368.9281282432629,-50.457215992351266,-134.58488533638595,2022,10,0
5.9,3,9,896,138,1.1410003842731982,15.165967935234832,49.455960978177465,-9.16498931829959,-135.6177861171314,1999,6,0
4.2,5,3,204,148,1.3030314054850107,122.87746890795582,211.59130983188828,53.36131851680568,-126.91706382903558,1972,11,0
6.4,10,10,301,98,1.322410254908399,42.412113214496706,73.4912605433458,8.471338365319582,-169.29494593394307,2012,11,0
7.6,10,3,549,75,0.702039610515958,169.8433459263319,193.20346867285204,26.99137766986003,-154.17657438663298,1976,6,0
6.5,2,2,918,281,1.949451475901213,156.82529293175747,59.7838719610603,45.67827636810944,57.55315205845406,2018,1,0
4.0,0,6,942,108,2.6828585664732016,52.099361094277484,329.28447521193453,21.961653985616508,-24.629641517696683,1978,5,0
5.0,7,2,365,187,0.22760589579302581,140.97878183820217,48.48342241579165,7.214277945995235,94.89710415168491,2022,12,0
6.8,4,2,309,198,0.2509765312992007,144.58408283966511,44.060628520792406,44.930571189799224,177.3351786893977,2010,6,0
4.8,4,10,662,153,0.7910619823350563,177.5813605405939,274.95627187945246,40.96134637779613,57.252485195640475,2011,8,0
5.9,10,9,217,39,0.07715621393811523,107.6111976322233,88.29857033463477,23.37703203297221,-161.83599457675547,1982,1,0
6.3,3,4,812,132,1.4618798035397944,14.753832235859194,128.7052969906643,-25.23790559125267,-142.35736868843705,1984,5,0
4.6,5,4,476,131,0.49488910448442747,116.43070120674857,668.5282556925364,-16.95382340395112,137.1614705332948,1974,3,0
5.4,2,5,650,278,0.848481720556161,112.49635470768634,242.8884466827335,84.67893879913754,9.898540040974154,1998,2,0
2.3,8,7,639,83,2.81267576202723,114.90310393567772,192.5849884900279,-69.77053218752535,116.94137738246638,2004,11,0
4.5,4,9,870,241,3.5542405090139173,55.28621665875807,223.91022132955817,-41.669114894489645,128.38044104097338,1996,8,0
5.2,2,5,183,115,0.64315018594188,154.74232531445992,23.395623871982206,-1.3676833432195679,153.9628349398269,1996,7,0
4.3,10,0,553,108,1.819110269705667,172.70499293197415,219.84046185244364,60.61134350588145,161.93851397509167,1977,10,0
7.1,0,7,766,220,2.310274636704626,39.18825233606727,126.07821077958015,-60.538380528648986,19.737286741190246,2001,7,0
4.1,9,7,728,40,1.2384031799897959,15.867388464596,66.4614255862364,-40.148168737570224,-57.232737987827804,1989,5,0
5.1,5,8,613,146,1.2414684207684992,35.01630597032714,225.81847861592638,-78.15632079685699,166.2713547652795,1979,12,0
5.6,1,8,704,111,4.800274248019789,147.69938506602938,264.2166161456064,37.07734788914732,17.066306160441087,1982,9,0
6.9,2,1,777,102,2.0157202995364463,121.79603426757255,207.6900371178599,-47.122301614389094,-156.86901973634002,1998,5,0
4.1,0,1,486,45,0.6320491880012042,114.48852162104279,161.7811922328322,-20.03854487922891,51.3995580215514,2004,2,0
6.7,8,2,449,270,0.1597202121726865,72.3227643196964,233.7997514513697,-10.133739534659782,31.566510142203867,1977,3,0
5.5,7,0,395,194,2.033692377081342,104.00903487205844,24.61643919400785,70.43650840916203,142.48543424209413,1998,4,0
4.5,1,3,357,279,1.705710484175098,55.417342549386134,10.829507137560611,-15.960547740377379,55.147388096812506,2000,5,0
6.0,10,3,180,282,3.921725180881473,85.89601429523303,146.74522093220403,-63.859496415255165,-54.3411271938415,2010,3,0
5.7,7,8,367,39,0.22031563159688106,142.75134510671805,142.54854334086036,4.376688901221783,167.84126125409534,1999,12,0
4.9,8,8,518,188,1.9033770192755917,176.6234875419832,559.1857662163223,83.33243903675333,108.58301495353209,1991,7,0
5.6,0,8,334,163,0.003663727970163455,167.84800624616435,193.1452678113621,19.38341538914598,46.95034261728756,1990,5,0
5.1,4,9,932,23,2.322399618967313,168.09586971232477,73.8952681951428,87.00969968290306,-74.54692677487576,1981,5,0
5.6,7,6,410,23,0.35724999276687197,72.40027227248022,5.436860056063544,61.39931560899663,-45.52549332685362,1980,6,0
6.2,10,1,912,3,0.23070213936963224,84.38217849122236,98.46045493276952,-83.52616388158569,61.189172674796396,1971,7,0
7.1,1,9,456,289,1.0287323725867885,127.01437134641668,224.71127838642576,28.511927167867526,-154.08690535320417,2019,10,0
4.3,3,4,312,180,1.3445511207517826,165.99454704923116,432.5985376151766,-38.38196203958094,-87.59498700590515,2010,10,0
7.6,6,3,673,247,1.082585211157542,25.55896668337524,143.7150139907923,10.731034016050288,77.0043360227753,1971,8,1
3.5,2,10,148,115,0.6740744545947646,54.763535488895236,313.3092344369379,-39.717865632379215,-7.193336455936475,2003,9,0
5.3,4,7,226,278,0.25409857911649236,25.064432026939713,297.8803943873474,-27.20332501104773,-35.13831666680517,1972,11,0
6.1,7,1,322,68,0.038643476127876,110.16153539270195,160.49601539928258,76.1703681157523,-125.47525593585078,1985,4,1
5.8,9,5,378,253,0.5255550040871717,55.13417943975676,200.46497860548735,-52.804226719493045,-20.934347588016266,2020,5,0
4.9,2,4,507,180,2.4118867821921963,58.69941345226322,121.77795198937051,67.33964124464947,97.44910947368419,1973,5,0
5.3,3,1,604,168,0.03341960680295808,12.764872707836263,642.6216912613417,-84.51759454731058,-84.95537541411852,1992,8,0
5.0,8,10,393,248,1.9924179287199277,62.963291125366545,265.1314937651797,-73.64222309346329,-178.05652481387614,2019,9,0
4.9,6,9,895,187,1.3964467329631503,155.24937133228536,217.08489437860968,63.84150744916744,60.661764414353826,1989,7,0
6.3,0,0,376,53,2.0877992090097766,41.95310614035029,102.75773999897652,23.500085563655162,170.14557759571892,1994,5,0
5.9,3,7,537,137,0.19402409782381635,125.13374391781181,154.96115927813648,44.50250484711904,38.457562891889836,1999,3,0
4.8,3,1,206,167,0.1605059653240506,113.33310208894667,349.082732495074,-52.30481925206624,-136.82813078623315,1987,1,0
6.4,8,6,757,102,0.026419419357441076,155.42722950644077,17.121846985418898,6.675022006218626,-64.5360867559177,2011,11,0
5.8,5,8,519,84,0.4800199578548343,23.811830577186882,26.557085252573597,42.699460242834846,132.35098129928042,1980,9,0
6.3,8,8,710,211,2.660275273284733,175.9661928621078,78.27070532138657,22.916544661847254,-96.27549326754172,1998,5,0
6.1,5,7,528,2,0.8289112414414653,104.8731562872658,82.89973629444697,-5.094221959582299,38.77052525913891,1986,9,0
4.7,5,10,474,178,2.2593903185008077,179.1853474224266,103.79270282466283,82.76108155878865,-35.038365028560776,1995,10,0
4.9,4,9,172,37,0.45324744732012934,164.07265065585315,98.79442765513627,31.708320021620153,-105.17626028892636,1992,12,0
6.2,4,8,733,238,0.4244643706285236,39.87310898035904,345.99728263613133,73.39514404342282,112.82648168328467,2021,4,1
6.1,1,1,129,168,2.43102072377096,10.10916178259636,12.121511497859359,41.35869208326261,87.41925952764848,2017,5,0
5.5,7,5,287,29,0.20840809763938895,46.015036883165074,184.94570921270127,42.38343514758296,58.17278374533555,1989,4,1
5.6,7,3,463,189,2.518204691362796,94.96145681989557,18.086943601589763,-75.59671144361772,-94.91882750324957,2014,2,0
6.8,10,3,965,24,0.05742386350729278,30.8873460717342,177.95188835644888,-25.296368066290157,-144.77147902207798,1971,12,0
4.9,0,4,899,111,0.5175062274123707,30.14275401323793,0.011691158379534272,64.50649320953852,27.417358737347826,1993,1,0
6.0,7,2,550,205,3.5052438810233877,83.26683847892755,164.69459738904126,-48.13130481322393,19.324020074196,2000,8,0
5.3,4,0,294,184,0.3462715342506528,5.988234810484516,195.64716581768963,-69.20894409183609,-112.18139663944572,1996,4,0
5.3,1,7,255,46,1.218018704125952,21.939854855808683,163.33122661156182,-31.300909805017184,-159.75119004653791,1971,5,0
6.6,1,4,271,227,1.9246546337826045,74.85504109343056,270.47508413412015,-50.32118071932949,-150.94495649016505,1983,6,1
6.3,5,2,946,38,1.3397629745080168,11.363383657433964,16.7045226103957,76.55187506276792,177.39755514458415,1973,8,0
6.3,10,9,140,15,1.382580023334365,71.41591016199528,43.95933892522987,66.23399556038362,102.09020210743813,2018,11,0
6.8,8,6,162,21,0.9151903840273985,85.32112787072012,92.00162233400437,-0.05701854907724169,151.91549134746214,1982,8,1
5.5,0,6,122,212,0.9533588135244844,81.2279905331606,109.6400556196482,-78.95810259290376,-109.7802999949092,2005,7,0
6.2,5,0,459,148,1.5224339951496377,156.4514743325557,49.07566221929554,38.62122229676814,165.80467307643664,2004,4,0
5.2,8,8,174,240,0.09870268551748151,95.41124190931184,124.16143710833722,22.214111640527634,-128.64443346966164,2013,6,0
5.8,7,1,659,271,2.1636508261047647,84.23648324604781,128.04415686369583,84.69984073112926,3.2694582839295947,1977,4,0
5.4,10,4,771,58,3.0580921359245283,73.92766417049991,171.71692907003566,10.611583248667856,118.69044639014305,1971,7,1
5.6,5,4,924,286,1.7083358921255232,147.1722080948075,605.2568232306116,-29.44912978747631,-54.07079237583142,1975,12,0
6.1,2,7,217,201,3.060711741140657,161.11018871996995,57.938351466370186,3.42390484414004,-27.061728056315815,2000,12,0
4.7,7,7,711,31,0.38341331219943486,153.58364445548116,96.91467731451465,86.26739245281294,-133.85336029232477,1979,11,0
7.6,8,6,479,161,0.8035761667232908,121.23838406365036,353.9626664676468,35.3452378559455,-135.7481232003698,2013,1,1
4.5,0,6,778,254,0.36858117876858465,24.72511427436136,189.06335963811728,30.95570482686921,43.04456092031745,1990,5,0
4.3,8,10,389,253,1.2827015935994153,49.83659450856221,297.06973015058213,-46.677313849340635,63.19165270322043,2011,10,0
6.7,5,5,539,8,1.1002223247661083,8.291351462755937,193.98490135462143,43.84845316091119,99.83970506958957,1979,12,0
6.3,5,5,767,138,2.6153842379392755,167.54833349822053,219.99720930299873,45.048929304918914,20.405538965431276,1992,10,1
6.1,3,10,106,9,0.11208991494538578,118.94373534436386,542.8424881998442,-32.887982920337045,52.47334521407012,1972,4,0
6.1,0,8,295,213,3.491203602906863,134.34531917638347,115.3528955323017,-2.9315101696716255,-175.13378218810078,2001,11,0
5.5,9,5,520,272,1.9970711294633343,56.08291312480121,142.0633439760678,-36.97140007071791,-121.6185382306123,1989,7,0
4.6,7,1,667,47,1.1364534651631135,152.21763400992162,498.8450359872162,-43.433087341628394,174.56931576608565,1979,9,0
5.6,1,1,932,110,0.7288234541567635,46.72859106752613,397.8911441656426,-85.33870735509268,-152.64233772630055,1998,5,0
4.8,0,4,292,152,0.5401458292992246,0.29587628024094315,206.22749516643213,-38.66188596240022,64.36376001368816,2010,4,0
6.5,1,3,658,122,0.6379843383902428,67.75469325372491,215.84278816525108,9.714590978089475,-116.61025210858216,2021,9,0
5.4,0,10,247,101,1.2526029354032102,102.73706657263321,234.55701923417334,-89.7117862411748,78.01869087635112,2020,5,0
4.7,0,1,886,240,0.6865000589594016,86.16687443379405,1.8065736575968074,-39.020564914259865,74.15654506631765,2015,9,0
5.2,8,2,768,190,0.03920581523876909,155.17370566378747,107.35857950883945,68.653859818185,-95.68833847628753,2003,8,0
5.9,0,6,301,216,1.2616889422550535,18.972951472110047,164.8640988149425,16.856745319324958,-82.93161628108649,2006,4,0
4.9,3,7,543,50,0.25443217808808116,99.68821931407061,24.643481124317653,19.41530833457648,55.71745689675177,1989,11,0
4.7,9,5,518,291,1.4837003515026206,92.33628296776334,143.0839019431106,-17.394425095256423,-39.56902603912309,1977,11,0
5.7,5,10,526,80,0.6653994467788877,50.65073679098934,3.2260802617335784,31.764985828633982,-109.96273090803194,1976,7,0
5.7,6,4,578,87,2.0450963638477657,148.0010602638619,147.58652158118414,-55.812102078535354,83.40465556349346,1975,5,0
5.0,1,0,574,193,2.4836113160432154,135.51275805879712,62.87451417444612,57.37442586915449,-124.5068912389197,1980,10,0
5.0,5,7,225,103,2.483020840517108,131.91465371972959,306.0914304013026,-68.99595841153803,128.03171909218077,2013,4,1
5.7,6,2,494,270,1.477157584078939,157.71464608852008,118.2077021015095,28.080243837559664,5.2810286586579025,1987,5,0
4.1,9,5,916,95,1.6522468311502676,130.1012281118738,276.254899113633,-28.593121352457054,-141.94778260345174,2020,5,1
4.1,9,2,980,197,0.515873460822347,41.73143250865076,30.694611998601005,44.55233470484583,69.86604007115437,2011,11,0
4.8,1,6,905,0,2.016459532725021,127.00128809694439,150.82021489616912,8.957619227883598,6.898694246834566,1998,9,0
5.3,1,6,675,166,2.185752040992585,55.38650641017189,208.229342302506,-8.576453073831075,-72.69927415386857,1994,12,0
5.8,9,8,424,125,1.3509937302867918,43.5914370625447,184.47184177670027,-59.503967623215544,-27.885823119412265,1990,9,0
7.0,6,4,491,80,1.5675207934108957,13.140646721932917,113.94678289477613,24.62786357118351,-72.59841230850044,2015,6,1
6.4,0,7,787,250,3.052194711563301,133.9251444625818,173.85466304949836,85.45857181567436,-85.31069913259775,1972,4,1
5.3,7,9,727,168,0.4655645580928234,127.98017315096602,246.12167097335154,58.60861648326269,-121.10096849626362,1987,2,0
5.5,10,9,539,72,0.13817953579918085,42.209905981336874,169.28027290102224,-79.19852533397787,-49.403832070508685,1993,3,0
4.5,2,7,303,140,0.37020480837052094,134.88822301034807,268.915164090865,-22.278711894985605,-89.64460572621454,2016,2,0
5.5,10,0,585,69,1.25731398924369,165.21135895683955,175.54095149634105,76.60494165424893,66.03641533941015,2007,5,0
5.2,5,4,932,261,1.188975931673366,19.445212348484265,321.78030294790756,0.5478745602638497,66.19562681879029,1979,6,0
5.8,8,2,130,244,1.0449481601458772,41.87459490961949,54.97369680325939,29.18012864547225,0.6624873200298396,1996,11,0
4.7,5,0,487,2,1.2955402493159514,135.0469429357168,113.75282144220418,74.26788220645028,100.06002988931556,1981,5,0
6.0,8,3,724,62,1.6239649318267029,49.411201231274084,208.53050483185,67.28304427557853,122.88229884217736,1976,2,0
7.0,6,7,976,48,0.19699010327221478,112.43951537106902,186.31586691458523,0.3276675972919776,28.715924676338318,1986,12,0
5.4,8,2,533,75,1.4097987985330658,14.609560403468613,277.3549497214026,-11.22366552163163,42.816658594836156,1970,5,0
5.9,1,9,936,174,1.6647979898735947,81.39644623863697,238.400583387313,-28.85532867367432,-78.16107247690853,2019,9,1
6.2,7,1,475,108,0.26741240377445186,133.03645595873155,263.48339060647993,39.423499769320415,142.1529122539871,1995,4,0
5.1,7,10,443,182,1.6301769973779594,123.57250974778546,160.73998505136962,-38.34237609512221,-171.28582400788926,1984,12,0
5.7,1,8,542,191,1.121059939580112,146.71297812164522,43.391817585344256,-45.020230842437975,-54.50311100057556,2020,10,0
5.5,3,9,678,64,0.053215345834929595,157.9413827885704,462.1918872925025,-25.875018971319577,79.84815175794819,2002,2,0
5.6,10,4,174,270,1.424183044725515,139.1730302265765,30.370303407198463,-58.10128976181744,-151.16777651838194,2006,3,1
4.7,6,6,656,99,0.5639338849701708,120.88579372900668,94.18336162877867,35.12156687023811,-114.05897012581465,2016,3,0
5.5,10,10,871,31,2.0455979110215807,5.710048526885608,40.42969733417614,20.92331687951021,32.14286203062642,2000,9,0
6.0,3,10,765,127,0.6412504298964434,96.29400121369993,17.661613292689566,-3.0818638591481573,21.59772172688085,2004,4,0
7.0,3,1,254,42,0.9346483726475898,6.785590484673502,176.19489796621957,-19.74135973292016,86.01418660714381,1970,1,0
6.5,5,8,529,77,1.4004804782914764,145.45220708088408,76.69933784090459,73.63125772141166,112.54055007174185,1977,1,0
7.7,9,8,462,288,1.344104871747152,57.73041440279236,90.11556530292799,-84.75771870196105,-133.7113517357991,1981,7,0
4.7,5,3,547,269,0.6217056691964922,101.23728734122577,186.29387708187087,48.43939383131385,-173.38284368091286,1988,7,0
6.4,9,3,333,161,2.125804173152958,50.30015531740247,49.52167331246784,72.34372291479997,68.26986707720619,1994,2,0
5.7,2,5,662,188,2.0473312542032183,140.85002598845284,76.69640561503587,-9.656175702613325,-71.49895352411068,2001,9,0
7.7,8,9,917,246,0.30497028871236287,159.57045479554245,18.265623952705383,9.124288464716415,45.35420901046331,1981,9,0
4.7,9,9,361,215,0.010560548410132764,71.75564895835151,47.689740354670384,80.00346381876682,-125.8039482975991,1982,5,0
4.7,10,9,926,167,0.7869885804557097,155.32603083197802,84.65782369332479,-51.79004724860741,-11.145583200253355,1997,3,0
4.9,1,5,224,192,0.1382781965564568,48.07350134213983,78.11775054981868,3.624272601243277,1.592908582837282,1970,3,0
3.4,5,0,344,282,1.9605957773675164,96.23896615359429,113.94642436205692,-4.55019711692168,30.628013894357792,2020,12,0
5.0,6,8,641,12,1.2234579239908148,154.5770573709667,218.66602197229028,-43.489323383333385,4.741205879003161,1975,3,0
4.7,8,1,584,239,0.6403357188323537,58.65864167084227,84.37696685026589,57.34678146715942,-1.5513227176629982,1977,6,0
5.7,2,4,221,146,0.23370636927393518,171.72760771405544,233.7101647587329,71.92810705738245,-60.215704565812004,1973,4,0
5.8,9,8,224,203,2.781578765749602,21.93831032064905,255.07731290879235,50.74786436187759,-154.37511492548896,1974,8,0
7.4,2,3,648,79,3.303343566873123,3.2895125502311218,41.9828654271347,-54.83538704725049,-147.77272915313677,1994,11,0
6.5,6,10,269,42,1.808093464078763,162.74436346407433,226.3169968777127,-74.38524560975132,-23.83982121342467,1991,11,1
4.9,3,2,223,88,0.6830871172745292,12.356759906617004,47.17585561331344,18.980007354961614,-51.91447398444251,1997,11,0
4.6,7,6,968,147,0.34005563139013506,178.5400552705485,18.265298904149603,-79.72294310822089,5.808529682819199,2008,5,0
6.0,6,5,134,94,1.8245491274665078,171.2514351562391,300.4734193321551,31.108659940455155,-70.2582590677439,1992,1,1
4.2,4,7,186,150,1.11388080138923,24.66376380653772,160.75369256308636,5.476359658903675,67.64763292391677,1973,9,0
7.3,6,2,745,1,1.4151071711215648,96.76523262466185,20.48485101274548,29.301431893859444,131.02373592342383,2021,1,0
6.7,2,4,807,21,2.5478019738022457,33.28565354408598,147.75866310532965,16.230739256953925,-72.40925203672764,1973,6,0
5.0,1,9,885,6,3.0187049010443037,77.06793114542157,203.14253043391787,-13.913537485108904,-110.52575714194971,2016,1,0
3.8,5,3,300,205,2.105878799414797,11.056523266769883,99.46259622792336,-53.84210757475891,-138.1749932685279,1990,3,0
6.9,1,3,468,113,0.6374167919423122,40.30642580338611,249.91831017163673,-34.97361555411206,41.85145460549248,2006,10,1
5.4,2,3,896,271,0.04476032541499042,65.38910335180192,146.87992517363662,4.410103359415757,-20.21184318939501,2010,5,0
6.7,5,9,176,82,1.7865797920365667,78.95655004428987,166.9279396538238,27.336256856569065,-112.31434180933597,1971,10,0
3.9,4,7,158,178,3.394072737093334,175.94932647760078,484.049199485362,50.30694303921513,55.12922398506794,1976,7,0
4.9,7,5,530,209,0.464892155111458,145.41581622311662,410.50237181495106,48.090729320830945,-126.54605411809762,2018,10,0
5.5,8,2,737,123,4.499933982474674,132.73378997615032,216.89854414092022,85.08397378699536,19.548254105262913,1985,8,0
5.5,10,9,599,112,3.9328450463616673,96.66743665355537,317.70662449794764,-38.5485392405863,9.773417385095286,1986,12,0
5.0,2,4,208,11,0.3551396245534155,151.1995969087818,529.699721338646,-77.20007252158138,84.32200842699001,1989,9,0
6.1,9,5,835,125,0.062401609104520084,61.078110418028,584.8207784972035,-27.781751602465327,-160.16052962135996,1992,6,0
4.4,2,4,377,52,1.6992855135206797,127.6018402991969,13.901668202052328,43.79300554033381,139.63425546647892,2003,11,0
5.4,2,5,167,282,1.6318131557994056,178.88111556807098,135.2978129400487,-11.13990281400686,73.077021412855,1980,9,0
5.6,5,7,168,139,0.3426113239321573,56.63320360833578,387.2607148405728,57.2019175060955,-102.1946405944456,2003,8,0
6.0,0,6,264,96,0.19276149818990718,121.32315627911412,18.758027488051866,8.878745733482688,-113.97407450049371,2002,9,0
6.2,6,4,588,4,3.7767489129200627,151.97667554742884,82.20790156257081,77.36251007349054,-24.602322908237966,1995,10,1
4.4,0,9,404,56,1.2415268282566834,164.845365003121,293.45794678455354,80.61541955983239,114.32351863605487,1971,4,0
4.0,4,5,773,68,0.5728495336942058,129.22788436921832,19.297707241360662,-77.52518891662524,123.46199753007858,1992,9,0
6.8,9,3,464,117,0.05277290097204834,51.04942621508452,1.7891499366663481,-7.8455808517636285,7.364193170177884,2010,7,0
5.8,7,8,953,58,2.3410743959871914,58.73078728241036,204.4789954410437,19.744031024922236,129.89191056722547,1991,5,0
4.8,3,3,920,32,0.2549337641043875,3.7364457823135577,76.1086191476031,-43.9429426538017,-178.0402646909914,2003,5,0
7.1,4,0,478,49,0.9245755384562501,136.95947598087173,2.1539692512136384,-16.72617971178356,-167.33713264862521,1984,1,0
5.6,3,6,442,18,0.04131471629205352,7.693129091151247,197.71263780693343,31.982677401185697,148.2557737092274,1979,2,0
6.7,3,6,998,213,1.2763056980230916,155.63742382849424,179.58716364187555,-49.18783915829494,99.11949475892976,1984,10,0
5.6,7,3,653,196,0.4940526915539958,21.358910605416984,56.72026332879793,18.35664353540143,-17.745819029861167,2011,3,0
7.6,1,2,453,46,0.24704243895295974,30.937772184466365,319.94082913439206,35.5406090695751,91.29964733207538,1998,8,1
7.3,0,7,515,166,0.6051177546045563,85.77476474980271,125.83260312426634,-73.71066400274398,164.0302062204318,1992,6,1
5.3,2,4,208,288,0.6708641111147393,132.81847473037362,438.91879871940444,-0.44472311505850826,97.9522285972626,1986,12,0
6.5,8,9,662,140,0.8666204492218568,25.020396935833983,19.09372942801447,-42.64559461364566,123.2536801745959,1978,10,0
6.1,3,6,861,83,0.26696855477348636,79.21279351196972,44.14468164077023,40.38954407964803,93.81836930042226,2019,11,0
6.9,9,3,596,181,3.0236895222526092,86.91322939381887,19.989166902968066,-55.88000846335071,-119.44400672392503,2005,5,0
4.5,4,3,440,78,2.421976179785473,38.21141550034644,16.8304762908665,70.60282479685915,120.08667947246522,1978,1,0
6.2,1,7,482,214,0.7973360992137427,20.800507802513714,164.97377396767672,-12.430559426701166,-109.76082479128439,1985,12,0
6.6,3,7,632,13,1.3813874196114946,150.5557661374151,150.97323063556013,-54.35945454464037,141.34007809589292,2005,11,0
3.7,1,1,399,214,0.4418676378205675,90.4438169572978,28.151682612904054,-11.156076656940712,-14.88603669081266,2017,12,0
4.3,1,1,238,127,3.265227938077663,2.5886224771475352,7.232515372411534,-16.42612269446498,63.71163083197027,2020,9,0
3.5,3,2,458,247,1.0307395193890374,144.5366342356387,312.55462359801186,-12.794587291132146,-0.9932947629683326,2002,3,0
5.2,5,2,935,28,1.4584215418768238,176.54288497462528,252.06095089405005,15.40103282954044,-146.16326541002326,2000,3,0
6.2,6,0,598,279,1.4189926370603412,109.06671517456452,38.483596690255744,3.8112704844367613,-75.33996925656056,1975,2,0
7.0,9,2,484,201,1.749116603791904,90.66750967513273,77.04930807024635,-63.04011629743752,174.1434674389222,1979,4,0
5.6,2,5,703,56,0.5791349830827861,158.1148553480931,105.33657201982305,-78.19576692360546,165.85731060113426,1985,12,0
7.1,2,7,379,217,1.506900580951993,171.45302214322774,26.972679301740506,41.294780770777294,-64.62471684400298,1973,2,0
4.1,9,9,736,61,0.6244020289448713,135.8166448624429,132.3352921603767,10.74913846709643,178.66684952828132,1991,9,0
3.8,5,5,582,156,2.8764317113402735,80.18152735217181,177.4338141403007,-25.379861745732526,124.39843037888386,1982,12,0
5.4,2,4,210,201,1.3393432308761302,106.59985187965928,217.64133110087585,55.50440804965331,39.945419795611684,1985,10,0
5.9,1,3,965,16,2.503624688008011,126.16836570323986,262.4667324840119,-20.14947463302775,-165.5551367060366,2021,7,1
5.5,7,2,238,5,2.6270892132624173,34.96924278032426,35.338968582088505,53.273716128109356,144.5208586338166,1998,8,0
3.4,4,3,534,57,0.6793335891326158,80.49618579895885,39.606771886742166,-34.963897047772555,20.674540535155103,1975,3,0
5.4,0,6,608,168,0.10852530503172164,149.3678276491113,150.93941993085474,-76.88784644186404,132.65141443299706,1995,6,0
4.2,2,0,372,81,1.6774160240893838,117.85056272971974,256.13155919749295,77.87514488398722,120.39448316606723,1980,10,0
6.2,9,6,198,218,0.45169407436274167,74.01673209813374,80.37242680679185,-18.980796729352832,119.88223747239101,1993,6,0
5.9,7,0,863,176,0.6420898461155563,119.40525612264264,183.4497118988966,52.68466311288802,71.34258985736582,1998,1,0
4.6,3,1,949,203,2.9298472332559147,21.280034173042775,260.2926638016238,-39.75405601998519,-75.09055007662249,1972,6,0
5.0,6,3,203,70,0.5344504327118949,72.26956990167774,130.8611626989317,26.345720182258077,-58.98230721197285,2021,3,0
4.4,9,0,313,265,0.45339402237287363,142.76313683335016,31.10353717110257,67.1959571863911,-68.95108347023292,1979,11,0
5.4,1,10,860,97,0.25070000245339186,39.69158168459664,213.76075514745264,-82.50407597880354,-172.7834401682767,1970,3,0
6.5,6,10,763,290,4.273534751789052,33.47307136033518,81.59152055619079,59.51443764349605,29.724807317332022,2021,3,0
4.5,4,10,861,207,0.7326707794221445,171.14735878495765,396.1703091739947,12.839940894947148,71.58012136057181,2012,10,0
6.0,4,8,886,1,1.0463716328268657,37.78157332552153,116.99007365753553,19.344915703542455,127.39175766907329,1995,11,0
5.0,5,5,264,123,1.6541878929748917,46.96534433703025,7.897732680051831,4.168440145076872,-129.54044398221708,1981,11,0
4.7,8,0,952,279,0.06304503598882971,174.53086900278083,23.364371946463642,67.40551859105562,15.905933631648622,1983,10,0
5.4,5,0,619,73,0.7052168208589248,132.24754264770462,174.24699051479905,-82.18199569758525,-177.11706935743817,1994,11,0
4.5,7,5,383,165,2.423760559641509,125.92737594423508,307.72462556761866,-43.01488952354734,-145.76628682413738,1977,8,0
4.9,6,3,616,21,2.2785177496926505,153.52674909382463,64.72330192573943,67.63725699464797,-160.4837720858425,2012,5,0
4.3,8,3,756,153,0.9904803683907474,20.848154802622968,22.467233927943138,45.42222645575208,81.1720922455753,1973,4,0
7.5,3,10,712,294,0.3187471207606165,127.07212258440128,246.59837356597308,-86.82387116785095,-150.81855700406285,1997,9,1
5.5,1,5,263,218,1.509402780132535,90.663949679083,72.47623795933899,3.0611309777475526,77.92307336116443,1976,9,0
4.8,6,10,985,156,1.6231191142045818,149.24711525114517,80.0600019992907,5.323082528281475,-90.13510641218998,1979,1,0
5.7,5,6,758,229,3.9716213408938263,91.46550935973498,173.6872621197539,-17.841215676976134,135.9766658508982,2020,2,0
5.4,0,8,163,19,1.9811583937849166,111.64344376840418,31.93683784360563,-36.469200228841856,112.73399581097311,2005,8,0
5.3,10,9,190,40,2.3004853295924086,85.99358275191648,1.8723891259857695,32.71047307422158,164.81887829109957,1971,5,0
6.1,8,4,216,147,0.611230072814916,86.06860624005193,242.05360291671394,-52.597716353144314,138.1543255648915,1995,7,0
6.3,8,8,965,107,2.923972961944894,138.23459605112967,312.2904167525077,53.810741172907086,155.99859088188504,2022,1,1
5.0,1,3,366,83,0.30997425846055715,113.14195211651098,422.19740803672227,54.54668893814491,129.1472627447908,2019,12,0
4.9,2,9,921,289,0.4288371842278451,113.98737628969387,75.9367819130552,-15.252941236892312,69.61748422134795,1983,10,0
5.2,4,1,784,133,0.9412414440906707,81.05084708967465,130.86709552612172,-38.96135803626342,-118.70670523484306,1985,12,0
3.2,4,2,658,206,0.906167371017439,95.59970934075497,132.45899263655062,-38.90192731367162,-82.18529321252655,2012,5,0
4.0,0,10,239,282,0.6178056087679951,134.2291799168617,225.10472143572252,-3.1875616806821796,-103.41829219310169,2011,11,0
6.9,7,0,345,265,0.34240603031204797,148.66936544014527,189.02797918087208,39.52426045488457,37.290883556954014,1986,12,0
7.1,7,5,760,72,0.45984766299207536,125.38105238592831,110.48543888456192,-25.403635621105423,1.3031776704964955,2015,3,0
5.3,3,5,857,47,0.44557260178523705,166.33313799222296,161.90108716907736,19.807802182395278,132.14879897703253,1991,10,0
6.1,6,0,494,232,0.41785313935059953,147.65833586649617,96.50553676545454,-21.152797095133025,162.96223193966722,1973,12,1
5.8,10,10,586,99,1.0834777042586867,101.13548216571333,44.34347025857763,-35.185825952751,-34.25043973746804,1988,12,0
8.6,9,2,575,58,0.03706174612090374,120.85309307587264,83.42140062804509,-85.52528713515704,2.2861991810924565,1971,2,0
6.6,2,4,616,257,2.567701822576404,166.73548984581527,57.6788016477302,-89.29546096762968,169.7458884494901,2008,2,0
5.4,5,2,283,64,2.2349641781562757,111.45024796375051,309.7460217280408,-49.102617990239196,-80.55398101566833,1978,9,0
4.5,9,9,119,82,0.5748188613391321,148.46525063636952,92.99137001921167,-16.84686837582082,105.2606791291729,1988,4,0
3.9,9,2,657,153,2.4373073759413506,123.98589064619767,167.33239820578393,63.227010125170835,-98.91363515931134,1985,4,0
5.7,8,9,623,265,1.9496589037040737,99.34854499088397,50.01980437036409,53.72716372747658,65.32564155309791,1994,7,0
4.7,0,2,681,78,4.64371648301823,43.53087517476356,288.61696316618924,-41.910252734161816,-88.69837405011691,2017,10,0
4.1,4,4,628,149,2.950469788203389,76.67955350431706,189.14749970212364,-45.98272026282612,138.1440199792993,1987,10,0
4.9,3,4,982,47,0.16040213178983964,174.19370847006883,69.59265289522533,-49.08202720739506,22.132059745203662,1992,2,0
4.4,7,3,246,247,1.573639842602665,118.39776898906801,17.607608181989235,-28.937278704803937,-113.06388928522155,2022,3,0
7.2,10,0,765,277,1.1013789921636934,101.59116846101813,28.710574649827848,-0.3242304788966379,-99.22709674854504,1990,3,0
6.4,0,4,403,97,1.0906641848887202,167.93219259508092,231.99915642424656,-11.039801034316412,-2.214289545083915,1980,6,1
5.5,8,9,719,24,0.7245054512462997,105.57212058674077,225.62958706770618,-50.71082421933112,166.1767292069564,2008,3,0
7.0,5,4,847,283,0.2521450840885935,94.69485331513253,0.7256283173293525,-66.51874621014875,97.07117899811561,2010,11,0
5.6,3,3,919,67,0.29716377051121146,136.67595392703694,168.35376471157576,-87.73599375248483,-4.208528582695749,1973,5,0
4.6,8,5,963,6,0.14951878628585935,128.279811417578,222.67409236806765,-62.286617040029306,-58.42110795760185,1994,4,0
7.0,10,9,681,136,0.697605078976453,34.76880151351789,117.10524512494254,36.96414663494129,17.736657605439348,2001,3,0
6.0,4,3,794,163,0.28722086884499465,84.83548942334181,8.906996074254963,-46.145057517795074,89.40990003430306,1999,8,0
4.5,4,6,861,82,1.1627666389995688,85.05277970752535,126.2335414981202,-5.651674178128232,102.21429184300803,2014,10,0
5.3,4,6,327,137,2.2859961483409266,68.08041274380206,157.81732858587506,16.43420680618405,-63.14083268509992,1995,3,0
4.6,0,1,201,72,0.3981691196844035,93.11282678740557,64.22111385878512,69.63136250968927,79.61733655699578,2005,6,0
4.1,0,2,686,236,0.8330313073552311,74.35933159088596,3.374748874748626,69.99391771081551,56.803960813027004,2020,7,0
6.4,7,0,516,45,2.2622570197239953,35.88218810481296,27.97312475869363,44.23207206264462,165.2804251186658,2003,7,0
7.4,7,7,315,105,1.554430531508995,74.22596770944259,295.30420237268606,-83.67174143126974,155.19250458288536,1978,2,0
4.1,5,8,506,287,2.206751583923439,13.009850563171788,155.5195502824858,13.512675435374675,104.17655721728772,1981,3,0
6.1,10,3,498,261,2.374124836294982,103.64145529939408,47.178964825076335,51.58502474967116,80.4220879877742,1971,12,0
4.8,3,5,814,175,3.906182345407636,153.65781880940014,229.0078361277513,-86.88815194259462,-81.3450277064607,2007,10,1
5.0,1,8,803,165,0.7659403499602234,130.55167518381995,107.16469808079749,8.94323045818409,124.54749219547199,1974,10,0
4.9,1,5,860,144,1.1864115184932613,64.87092720974002,237.93484960558038,64.39754624148529,-26.097946663188196,1974,4,1
4.6,8,8,598,282,1.406556701143188,15.672817003915473,298.58267648002607,-4.661626348391948,-81.99340469782392,2021,7,0
5.5,4,3,853,53,0.0035069343197262626,36.38689186054874,115.86182904989907,-89.26088347845928,-41.70212713675349,1991,2,0
4.7,3,7,564,177,0.4362579249733112,98.18826128907043,78.05868213605936,-88.01759549959066,120.93677640594285,1974,3,0
5.8,9,8,790,243,1.1498877583258613,37.270275008945916,144.59879933704207,-15.005513265524897,-126.4920423919614,1973,7,0
5.4,0,3,830,126,2.2986290995143848,97.91516003129415,447.3342529146618,-62.09843986498418,-15.782853196863925,1978,7,0
5.3,6,4,181,270,0.2539922623944251,41.687824457501804,233.56881434203814,29.60111827678672,-2.7512659693837236,1998,10,1
4.6,2,7,703,131,2.911582130997578,152.8062965056931,73.746817641699,37.58386768310771,-166.813308864425,1991,3,0
4.9,5,9,786,92,0.48442093850422374,71.50886511128274,216.5598007090764,-57.98163681708685,-109.53142936266048,1996,12,0
6.3,4,5,850,72,0.6341451680118051,44.19911267000839,219.3475155062676,69.93599193440727,117.6272742873083,1979,1,0
6.0,4,6,871,247,1.579461822671302,146.2187124444711,181.01781808786473,-10.456587903793348,119.07625989411383,1985,12,0
4.5,10,2,464,272,0.41815118697391274,61.71101366498113,33.98060057351809,-64.28773663345373,-74.73056980167073,2011,3,0
5.6,4,6,262,42,1.6640035084078053,20.06778381098075,109.7909544235327,47.56528765249118,134.96300445525344,2011,5,0
6.3,0,7,147,40,2.3911112376832078,102.67370845265549,346.0868459132041,52.195410003019106,97.84185806460522,2020,7,1
3.8,0,9,610,169,0.06480348946595926,104.68155679883797,76.0653483489923,25.07318507978235,-29.553305833652615,1979,4,0
6.0,2,5,428,211,2.117347674090539,128.64522154243215,93.52307924799544,63.62379957645956,89.4262839858136,1975,11,0
4.8,9,9,939,167,0.8962162025414933,43.2394979775094,351.0964569422691,42.72713496552083,166.08046723013024,2018,11,0
6.1,3,8,215,38,0.6401548731446178,79.87884103660411,173.0348876377344,68.7970327008583,-14.770901496474437,1974,1,0
4.7,4,5,948,244,2.293650114333036,50.826225427678125,58.28039004282133,-11.900151272613698,-94.16621557674588,1975,6,0
3.7,1,8,436,150,1.510762139113035,14.571672500823862,44.53990647417379,44.567483057899636,159.0539400180561,2016,2,0
3.9,7,3,980,110,0.3421214339729852,157.79048886286049,73.02321395713494,89.95528141722798,37.34794388277231,1994,12,0
5.5,10,7,836,46,1.5325473972562564,131.1965648079014,1.1747631831559815,40.48761555353147,-142.10454150704692,2020,3,0
5.8,10,10,963,62,0.4310587033165372,54.26335070258413,63.907821778621695,-69.4469195573162,26.165813708408194,2019,4,1
4.6,1,3,939,224,1.1653886762333638,107.88713871695754,430.3271541663937,3.297370037252932,0.2091202013875204,1973,6,0
6.1,8,1,246,68,1.192830885085098,36.22748186420504,162.95123106953554,15.72260242374503,128.0120018672028,2009,6,0
3.8,1,9,674,298,0.43932759221345685,160.24259192323876,16.271626270345294,-58.64207848714962,11.05026831486768,2017,7,0
5.4,8,10,905,289,0.2529285583861376,20.683141805143855,191.27768006044474,83.32049415204676,-88.11632363605796,2001,5,0
4.3,6,8,422,295,1.1053728673221905,0.6906861914041618,30.028168357164915,-58.39564002576907,63.23186299135986,2020,7,0
4.8,7,4,542,202,0.9175282850486527,90.36147559305279,366.1083681216739,-58.0395744516199,15.32716291280886,2021,2,0
5.5,10,3,936,60,0.30126688162058635,104.96300822151647,185.69183060236767,74.73008483541989,-96.10393382392591,2004,1,0
4.6,1,1,112,160,0.5507217052711253,104.21375765324478,93.7780830339247,-6.2630220380992085,26.506028859446815,1979,12,0
5.1,6,0,593,15,1.0187155740032012,9.812146938808732,90.81374045499646,-78.62610973058709,115.752808040287,2003,10,0
6.5,5,10,800,93,0.30501645274509126,56.52788524531785,90.92174683756022,17.673749988935143,-169.71446961935624,2005,8,0
4.9,3,6,386,137,0.5519864306554001,89.85581043143972,109.33166287081892,18.328742753948617,47.10637391224023,1975,1,0
6.3,6,5,819,37,1.0652947161371669,38.98425341290336,21.960404058083817,-78.38986343641888,-54.14932951761885,2012,12,0
4.4,3,1,213,126,3.4124582080830788,157.07265938746136,302.75223238035625,85.05404921405915,-74.6382795266073,2015,2,0
6.0,1,7,579,274,0.4497585011393832,15.679672103058127,199.08900795694333,7.925393753023613,-38.66840986999995,1985,11,1
6.9,9,10,121,163,3.246664811863034,87.72919950096771,45.48447870054878,10.763229992357566,-56.8718408707266,2022,12,0
3.0,6,3,448,76,4.171497572095143,124.45489035236737,206.23723896047852,3.6207746104310132,119.60607841503895,1988,10,0
4.7,7,7,825,173,0.4301283535665128,47.11519802420684,103.72374208316569,19.931720336031603,-81.0727881235558,2003,6,0
6.1,1,6,782,90,1.0135663122984466,112.36333265955327,183.97860512505756,-42.42604450072411,83.93508831837073,1994,1,0
5.3,4,4,934,237,4.155597876724464,149.28932702562741,20.972476162337934,-38.29655736452865,-146.13846471770808,2000,10,0
5.9,0,9,665,263,0.818380057886434,34.26065551710856,35.36808080370691,2.041036163303886,162.5026940943896,2018,3,0
4.9,6,9,909,178,1.0552182186480998,165.0997065284753,202.33806738519246,55.203453857444316,44.033989409478636,2010,7,0
5.6,7,7,419,208,1.5050082115623376,99.64053587922444,63.294100120419344,-81.02437623104781,74.41868773604165,1986,12,0
5.3,5,8,225,72,0.20250714952049842,53.8617607741909,132.5329151321541,18.612758199644276,-72.70584044599764,2016,8,0
6.7,4,4,376,106,1.8333830270034057,77.55448956880873,40.890608642638625,55.22006565113651,-31.645235265078725,1999,4,0
5.8,5,9,303,294,4.643923964426875,56.194539081549834,79.08490079891055,-61.75489103329911,-99.43978094244855,2008,12,0
5.8,1,4,293,283,0.7059897497924643,130.5200087879969,14.70184391672727,-87.29594244349806,155.71299088880062,2000,3,0
5.1,0,1,780,181,1.4939394833770323,143.3341194147238,33.82408542177471,-33.711606874537544,-4.282399043504029,1988,1,0
5.0,6,4,763,36,1.1078737861599635,149.92873061735898,26.60883274489106,15.865867211327668,46.96132163687639,2004,12,0
5.1,6,2,646,136,0.9463154710925548,177.4382849254334,242.63654857056335,-65.1090287871454,84.33793099105753,1998,9,0
5.9,9,6,795,55,2.7658101970783733,142.43117264940304,332.8590212008843,-13.297973224952614,-46.401807204165976,1970,10,0
5.1,10,9,385,186,1.956030524313093,108.2491327239414,222.58214859164283,9.41786952737003,79.23659563409086,1973,6,0
5.8,9,4,156,257,1.6903837952651894,61.05965371052108,304.2394330309727,17.798957056317093,63.35729631228247,1997,6,0
7.6,1,7,833,57,2.9637165803763943,98.0271807679349,78.39473246036687,-40.605890219932476,74.03736019462076,1987,9,0
6.4,1,0,402,122,0.08034363127842714,7.392271102272976,14.269576193560965,-17.994665522467557,-3.8772359263393525,1995,1,0
5.2,0,2,262,187,1.028642079936348,134.06851359538436,319.2546518700152,50.10106123216056,-42.142542375017854,2009,6,0
6.7,9,2,118,229,0.21942681969640687,80.27199811657832,125.17834342985611,79.41864494172339,-100.05041224476366,1988,12,0
5.1,7,8,469,167,0.5928163968218896,3.6041813517937715,11.714006153489947,65.13845960128631,116.86548700832145,1975,5,0
3.5,7,4,363,113,0.5094040314882275,11.251249471873946,39.794816225812326,11.57103031201774,39.00601675140433,1970,11,0
4.5,0,8,893,251,0.48403589284930615,69.74396348791619,51.73003546178371,-16.147295470089617,-20.03320940490181,1977,6,0
3.6,10,8,212,106,0.9584266506319015,105.01587342331831,226.1656722553908,-30.067809413144722,159.83852641582013,2002,11,0
5.1,7,0,587,36,0.4427927502076745,83.5567108113828,42.05647014336725,-67.50781810487675,-162.77802749746604,2020,8,0
5.5,8,1,426,91,0.7584077454792973,111.45677711258787,80.38195014531584,-70.82077550109966,126.06190027381712,2012,5,1
7.2,3,4,641,17,1.6075608151557794,86.45296658244405,52.04029428497403,33.90437248445839,179.12973346055009,1990,2,0
5.8,0,3,746,62,2.8580436535965985,119.10669218664242,139.37871552957654,-43.23700508919113,139.29915991783224,1993,12,0
5.3,0,9,678,149,2.9667338021688967,39.44269164074416,127.71487239950663,-44.160896442159576,111.7571708216251,1994,12,0
6.3,2,8,164,138,2.1421326510954883,20.311773693051855,31.42139375083292,89.67510980600142,-45.24984237372314,2016,2,0
3.3,4,6,391,185,0.8899722176574738,107.35811183261879,74.02377661502442,-56.17332758271683,-96.72689438557434,2012,10,0
5.7,4,5,124,184,0.45938502164521955,87.24411304853534,109.99861893900734,-63.34924329201066,84.5461873798564,1988,5,0
6.3,8,6,648,204,0.5885724539310978,4.836177728088353,4.045663805457565,-72.23665900321429,-70.35286813611538,1998,3,0
4.0,9,0,100,259,0.014275253817153444,68.48673938874646,161.12349438994121,14.364962130023315,-116.62571442421056,2022,10,0
6.6,1,0,648,213,1.51352676854441,19.10260538837919,263.08488645525165,23.015488680378255,103.14931935729288,1979,3,0
5.8,1,7,240,255,1.391492739922187,95.64422971548514,4.698860106146405,-24.258973273761256,-67.48428519478,1981,8,0
5.1,5,1,843,134,3.5403497042924372,71.23998233887754,262.78868924561266,6.374400392064189,149.19902261544183,2002,7,0
6.1,8,9,747,60,2.792831007282572,110.36734399854322,112.29921373768909,51.91191557008426,122.6277521348851,1976,1,0
7.8,0,10,287,87,1.7173033928526367,145.0083993786429,127.13245233124627,57.2587502979147,125.15051862333183,1986,12,0
5.7,8,8,227,206,0.906836005119723,53.94036309146835,100.221319800304,82.4241736288167,97.7651013800974,1979,12,0
5.7,8,6,300,128,2.8432589426088297,173.17837874970496,211.94365301756898,58.36823746611742,137.1173125589052,2000,5,0
5.0,8,5,226,2,2.034107405170401,96.4142101057634,34.4838416794973,11.671458609136792,110.06888118412326,1975,9,0
4.7,4,0,356,241,2.659956676327139,111.29234377586184,64.80587046824769,-57.66174614936772,36.90409088690231,1986,4,0
6.3,8,0,775,120,0.9114218766102398,122.52102718063267,60.2914616710156,-72.04255961348836,-73.50382131052926,2019,1,0
4.6,10,1,646,101,3.683969628796251,120.01167537436616,54.8206452954695,-80.18785981604535,139.75530955709365,2006,8,0
5.6,3,5,293,37,2.7503318135347845,91.97473374811118,97.57963776042837,29.974649721369076,122.61730419834907,1987,5,0
5.0,1,5,802,132,1.764304443153897,77.17757240064303,65.76316282370207,55.356525971638774,-9.763444004203762,1995,2,0
6.0,5,1,203,201,2.883959380646732,9.680753551928023,165.85918733593087,1.5631111231342203,-165.93167303929613,2018,12,0
5.8,3,0,634,20,0.3712570872490417,3.9754521542123533,307.5940999166389,-80.15144852994482,49.87574186468885,1985,1,1
6.5,5,9,364,241,0.75125053902054,64.43301501589764,170.82410119694828,6.384703426440865,-161.78513267643058,1977,12,0
5.0,2,4,901,108,1.4823257695712133,60.05896031406468,59.53162107427683,78.43486707441906,153.46078626542658,1993,12,0
5.2,5,4,483,83,0.9143643312797968,69.78512787102122,93.93145143161101,17.570374367842888,166.18725238511053,1982,12,0
4.5,1,1,359,82,0.7034239865835563,24.906276159874203,245.7157335345978,55.69694792330668,-111.78354747614247,1998,3,0
5.1,1,5,513,290,2.8244680590241047,132.87028869663186,345.4141947820712,54.02747671051512,63.50017609976757,2001,9,0
5.9,8,8,457,68,1.2507088198159457,154.253594659723,266.8266174955602,77.78323796051751,-146.7831583574054,1993,1,0
6.3,6,1,174,128,1.3953536103032267,168.9686343673263,95.91022805230818,48.641177816977205,82.62609428632396,1985,4,0
4.6,2,9,454,195,0.5094211618688558,88.62521463353265,40.45950610307675,44.586092522356125,-54.97644018503715,1980,8,0
6.4,10,1,683,139,2.321684708919289,126.15582584257716,96.53144096259058,-47.86152030528469,65.1780402229603,2001,8,0
6.9,0,2,870,282,2.0528136719618795,153.99920221845704,695.2263317839403,-79.21347204220534,-45.76445668721598,1975,10,0
5.9,7,6,287,233,2.31048951534144,75.29239999682747,223.81905724906485,3.1679037096853904,-127.59569646003513,2004,12,0
7.4,5,5,784,22,0.2541040500457321,55.69430307667999,159.08805327496137,-67.60184256958406,-33.80040701907916,2002,11,1
4.7,6,7,389,152,2.9561326900704925,168.61042005362822,286.075278384065,83.19525773003843,-139.4375304114756,1987,11,0
4.3,8,7,144,276,3.7581526356495596,92.82177919387316,260.90715267188324,-37.813542726054855,27.677978991700485,2006,8,0
3.7,4,5,672,60,2.2630575959870587,89.50569958635803,221.2191708460014,63.52995660917276,-165.2574484261873,1982,10,0
7.0,0,10,182,51,0.21393243086643632,32.11489738142924,165.01215351008818,-20.22756746355732,9.835084655949487,1979,8,0
6.2,9,9,222,152,0.20330342635430187,19.467902623204214,112.57580617987864,-31.825035025672065,139.0927129543947,2006,4,0
5.4,6,2,457,236,0.43693456661036834,151.5792352470321,122.65707797679507,78.3285430277918,121.63437724297057,1995,8,0
5.8,4,2,627,31,0.15343417897221867,110.54397171375325,94.66903374869307,-24.601937024479682,137.80141186553885,2015,9,0
4.4,2,0,165,54,0.893361061469103,58.648425123500765,182.55637720419224,-19.748176440635433,151.9375687657586,1986,7,0
7.9,8,6,756,35,1.9486636995517714,34.512519130247966,246.5313814544683,-70.90347966967636,-142.36996036475009,1970,12,0
5.6,0,4,474,109,1.434928661124773,99.98951043053366,58.694551765907036,30.680399750851677,-133.6510069647433,1994,2,0
5.6,0,3,261,176,1.3034335845794334,105.10547206700436,276.36203224308474,-38.008905394047574,20.522450272726303,2003,9,0
6.2,0,9,845,294,0.6381958752997816,37.25884822411047,72.97047991254196,15.408750211111297,141.8301606327945,2008,11,0
6.0,2,3,479,96,0.889231109253176,153.25303462046531,148.3746424883971,16.4433067295777,170.76580434865105,1979,8,1
5.7,5,3,755,212,2.194863261293502,15.167585908053196,211.92667273816085,39.455945207238074,-163.34570975760002,1989,5,0
4.7,9,5,457,136,2.017937041249722,64.0967553299559,96.44290119097994,44.14346751103943,-51.92132968776235,1976,12,0
6.0,10,7,287,5,0.9829143872819026,122.46919447725398,85.1168774829336,2.601438192277101,-103.35806832240236,1985,3,0
7.4,2,7,421,108,1.4319813923909877,49.341665487456126,144.92669080283474,-30.421449431387458,92.14770561524932,2006,7,0
6.8,7,4,549,34,2.1753746028209395,148.98153506062894,343.4325339302525,60.741161070252105,50.46979267333151,1998,2,1
7.1,9,5,573,38,0.5150689089257365,133.17620878807264,107.90404186327049,-34.22418310647275,-136.84030866581566,1981,3,0
5.0,1,3,112,149,0.5943645236796782,142.02411201866417,130.17098128663673,1.351637004479656,-5.932055748610253,1986,12,0
4.5,8,10,283,117,1.8759324923172005,21.439176457808927,175.2932183555173,-17.77453502332895,66.75858805366491,2017,9,0
5.4,2,8,210,260,1.856678360385374,25.298483039197727,130.35774915754328,63.914109474543864,100.44194181265357,1989,4,0
5.6,4,7,607,86,2.9982836661411785,51.56527279402505,461.7203492800618,-12.254664393750815,-172.78102447775694,1995,4,0
6.6,9,9,389,75,1.3398879872392158,93.25388973556099,100.7935921801887,-20.502146009252826,140.56904663420033,2017,3,0
3.8,7,9,394,213,3.338081819265155,134.64289380589244,67.09499824481371,34.168264721574744,24.941297862188804,1988,5,0
7.0,1,0,550,284,0.6306085648542694,150.57556033696264,204.12824512927554,18.439399775059684,112.28728138556568,2016,3,1
5.3,5,1,314,238,0.3454607969226393,126.78035687229249,24.464385538881295,-70.6955699707477,110.85769080514206,1981,9,0
5.1,4,8,731,164,2.6118024903903283,167.1474386755149,66.05019794235476,1.4703851419133827,-111.65304230245111,1990,3,0
4.5,9,7,993,86,0.19353464449291424,132.97383173086746,135.69520607511043,42.386109899984575,-140.33803670869207,2011,2,0
3.8,8,2,666,140,0.7242296789171812,55.12821966083065,25.51303743931731,88.57345762644411,79.6634168305776,2003,12,0
6.3,4,7,126,159,1.9440613700126548,47.714631180943066,56.1609394980872,23.246430114657443,-123.68630922421713,1976,5,0
5.6,1,0,729,45,0.40805978170240087,125.31464105419619,24.33026485262444,-23.347248040562803,125.97749690570055,2014,6,0
4.2,4,9,832,111,1.9810102652903665,34.71670236413057,68.17747248616426,-49.292712035618685,81.42821419035783,2004,1,0
4.2,3,3,330,44,0.613809722632862,16.68866594584858,107.64582606905905,67.10944214759766,123.05713117149452,1984,12,0
5.2,10,2,664,246,2.720667890662355,95.8001174741149,134.69448336836675,56.6217381804305,-72.35543534063541,1970,11,0
7.2,6,5,906,103,0.947530374828816,147.89548256021195,181.798920104799,-47.893892259710725,-66.02469825219515,1995,6,1
5.2,5,6,420,84,3.4873110589177045,18.248371644575435,191.90723414528816,-53.88622377361678,61.63976028467434,2004,10,0
4.0,1,3,332,133,2.179438845091915,142.54043828323125,173.5500356174569,38.724619826011605,-168.67945617877888,1994,3,0
5.3,10,6,769,107,3.022221772910457,146.08296078327865,211.52089613607046,-33.308628854623294,81.53882868147218,2011,4,1
5.2,10,8,536,17,0.1474178613174255,86.80932001467784,315.9110092864925,-34.84821629484759,120.88190550765643,1984,6,0
2.8,4,10,880,93,0.1837124425889034,10.315855801887626,151.74840907931372,-62.587755527822054,-30.541108822522546,1991,8,0
5.4,6,1,632,149,1.5184201245780529,31.426173224493553,24.340201105360425,-42.484406452230616,95.3563788318487,1975,9,0
5.3,10,10,502,245,1.3665531374492885,127.33672952914782,280.8699149531012,-13.048639633323077,-117.1400698863857,2021,6,0
6.2,6,2,152,288,1.7067156246431354,128.1200300983709,19.45108643749599,41.91090070903479,-63.98625822498552,1984,7,0
7.3,4,4,886,208,0.5141202751796057,161.70394953017976,103.87220974560628,-29.464543005525044,170.74978671977186,1993,5,0
6.6,8,2,412,125,2.9949952563199855,104.88350637982491,79.7172458166121,-30.851218893628314,175.07814248164544,1990,12,0
5.2,3,10,380,234,2.0192683811191157,22.33932618847993,27.196776950083905,-38.71561454056155,4.53781908777168,1976,9,0
4.4,10,7,825,121,2.6450596455101905,21.854682990894986,226.20146149059957,-3.9089398480122526,156.33712492699567,1998,4,0
8.1,2,9,130,137,0.13130912209257084,129.80382432422826,225.01257698374224,-57.48539437056324,8.18304410046764,2001,10,0
5.6,3,7,436,114,2.572315403142592,33.08123971942221,219.63950042305868,-2.586467874217405,-75.02827386198337,2001,11,0
5.5,4,7,282,161,3.1670687415464243,59.10938993098896,545.9703069815873,36.75160011504417,-83.91625628444214,2022,6,1
5.5,5,8,122,200,0.9419292649294888,87.6981612459445,221.99628805472264,-84.63770927412801,154.62205393253356,1974,5,0
5.7,2,3,643,233,0.10902592904973218,4.457677963707216,68.74321170707248,-88.23971154496286,-117.91929996941073,1973,1,0
5.4,1,4,545,27,0.08268080185161408,44.78742486358774,271.6533645657863,-76.47787617218833,28.667684952654554,1991,5,1
4.9,3,4,173,10,2.8585194880239473,73.42012953131041,63.611257532292996,6.4188111110601795,19.98902450257907,1987,5,0
5.0,4,7,109,205,5.026518613634967,50.334537328777124,265.0360793947459,63.80191497337262,86.26380647507818,2004,9,0
5.5,3,6,583,166,0.47246760526283293,24.546658944161848,66.06129141389087,-89.12079611635465,-0.2725532910810955,1986,1,0
5.0,10,8,555,246,0.5877800750638404,131.04220640331553,81.77024995945942,78.59903482524257,-81.97716214507169,2019,5,0
4.8,2,7,665,46,2.382121271011718,146.3665779302373,185.96406916579397,-70.86986791730355,-119.01726013263172,2019,7,0
5.6,7,1,663,245,0.13087029404996664,46.34621570587047,77.50391454473697,61.55703505048072,43.49476926212105,1993,11,0
5.2,9,9,759,126,2.5275330763424044,139.3955090291346,129.65355443586515,-3.086142303069579,78.83667246716391,1971,6,0
7.0,3,3,259,146,1.6980192602899689,69.39964159223649,93.10140463682177,28.684329710191918,25.02766032553174,1982,6,0
2.8,1,5,981,117,0.9640340462530542,91.2034423537205,91.0029545741856,1.9229372004928393,85.80645976363013,1984,12,0
6.6,1,1,113,151,1.6619073017825317,154.0801934807675,210.11077761734896,-4.1313194677161675,-129.05236711801436,1974,7,0
6.7,0,6,277,71,1.570297553730091,134.9916627244334,566.7613697635335,60.281897105590474,137.68927017952876,1972,6,1
3.4,3,2,511,136,0.7305902533207366,144.921033236912,299.7583801099116,46.05954832220695,29.66238302706111,2006,5,0
5.2,9,2,977,174,1.6345415474577418,24.632129985544225,93.92903205660907,-2.9875974258592493,-134.33618631866503,2006,10,0
5.1,8,10,152,288,1.2679760928835522,12.549496650071305,12.121382979914664,-69.9055327087089,-13.706926485935384,2006,5,0
4.1,10,1,507,18,3.3595905490962465,160.81285123583768,9.853016399601621,-69.22746732340653,124.12502563172814,1972,9,0
4.7,6,10,946,194,1.4131529948067851,69.81016852279699,201.22585892208994,54.27710292943357,143.12238964313764,2004,8,0
4.4,9,7,121,174,0.44867753020841716,51.818342052542555,182.90870851064327,5.290311842556022,-84.72617820044586,2021,12,0
7.3,6,5,129,140,1.6402404621490163,130.4453257671284,152.9845383316685,-3.313954760514733,76.0556968957631,1992,10,1
6.4,6,0,802,245,1.0578877940984208,150.5548073843742,24.49086240985264,32.50203144492872,-144.0053109058404,1997,4,0
6.8,7,0,359,92,1.6167732393764338,155.24813194169417,184.0697405803999,64.59148501456684,-167.9234862916232,1999,4,1
6.2,0,6,304,238,0.04897731174149289,56.87948540254092,2.534939240694797,23.197165994394936,21.743623375179396,1987,10,0
4.4,9,7,158,204,2.743687429888459,153.39823041630132,48.45759810585059,47.31262242236622,70.13792855812531,2021,5,0
5.0,9,4,570,47,1.0703508485353166,7.368109987382169,189.4961372211286,47.74869434105224,106.48322322354073,2005,3,0
6.0,7,10,875,244,2.0454782835145853,8.939068462749397,291.06534646096225,-25.872939217267373,-57.52215415607952,2002,8,0
4.3,3,4,565,294,1.480416116456644,112.2334551313478,116.64437309057581,-40.665024784620776,-177.65085224560067,1995,7,0
6.2,3,3,111,127,1.2632424519414887,11.359146440798323,67.17516538958984,54.20953209152856,-7.37307463991263,2017,5,0
5.3,3,5,730,281,1.9402504855421947,58.42965033182907,308.34588396677225,-22.107817478836168,-174.2927236655159,2009,10,0
5.1,5,5,389,16,1.2797319309504256,121.09607752444632,46.027790438419956,72.60048117408692,-146.88557615851204,1986,3,0
6.2,6,2,949,70,0.7852985421432679,60.708041289760736,16.658977272311844,-77.45567458857846,-62.39195188857059,2009,5,0
5.9,5,8,859,268,2.6310352385739466,32.32796065921727,86.37158339368261,-79.52084782643887,-22.618062158336215,1976,3,0
5.1,0,10,453,281,2.2271909293722754,50.64311193369149,184.9263353915147,76.86074881825348,-79.39100115732651,1977,10,0
6.7,7,6,738,6,2.1602755870367147,82.36355980507773,196.8361587070271,26.72188455265828,29.471495941694826,2022,5,0
4.4,9,0,174,102,0.018699572686484034,85.56945396398683,317.8421105692232,-21.67211583930019,-160.07407588148573,2000,1,0
6.1,10,6,972,192,2.5635406937392102,140.94004164249637,31.56450000351884,45.91087466691292,-127.9513043137495,1981,6,0
6.1,6,4,815,240,1.7403928197167504,135.02758129767224,73.09765662791673,31.01882579885543,70.29302427195609,2017,10,0
5.2,5,4,660,61,2.4153503228511166,82.22720482010433,61.554801341217015,5.6161884275273195,-128.8292927047496,2000,4,0
5.8,5,1,690,16,0.7881661965186241,152.22012283777886,81.55097423205352,-72.20279832072276,50.31907256535209,2013,4,0
4.2,4,3,540,170,3.0104238555009863,20.56268494645125,207.73433685217333,56.192325712695265,-160.3135365287884,1988,8,0
6.4,5,5,340,24,0.9982798163868045,45.96360304120227,314.93974099461013,65.88417432251245,-33.342379517109464,1979,2,0
5.3,8,9,960,250,0.0831019894934415,149.03576343040527,18.878414337411865,-59.009636060523164,-116.13259075637436,2008,4,0
5.0,9,10,253,252,1.462128491138711,68.03892695270756,143.5685270279227,63.092097355872,-140.5309382873329,1981,2,0
6.5,8,6,885,206,0.9544217657350207,176.61268058289158,162.1434564585513,68.01251598298157,24.131802060441913,1989,1,0
4.8,9,10,195,28,0.21627670121102094,83.92559067501037,6.047876948838216,8.897150211932882,154.20087792202384,2006,10,0
4.1,7,4,825,116,4.32751522451708,142.54841213347754,302.9239423244359,28.112226520083667,-160.27666274752244,2017,3,0
3.9,9,8,393,281,0.45664727237647207,72.41526744882695,70.39332287442515,-21.197282397391547,-28.24047064150767,2010,12,0
6.1,8,2,308,143,2.364433062589691,76.49163343123747,121.60217772655616,-39.27750344833212,74.71275758835972,1976,8,1
4.2,9,0,442,24,3.372548452182239,68.91896651115303,78.75875019053537,39.95696645129607,-13.432380592382287,2021,6,0
7.3,7,3,187,155,0.12465479152611036,129.4336116919461,298.08355824739846,65.13752682284547,110.33854059788825,1983,12,1
3.4,7,8,917,72,0.5548401085514567,98.55321913079901,43.4857427516567,27.73395953203456,-115.32768628891259,1980,7,0
7.2,0,3,875,119,0.4631409030564487,169.88006004630643,15.9681153216697,2.086309916378852,165.4539138099866,1976,2,0
5.7,9,1,489,92,0.1455228487625111,45.160256976138854,94.09446415453645,-61.39354196804912,-41.34145400188541,1998,6,1
5.4,10,9,424,85,0.14928870689516893,18.101291775019984,149.25441925403982,-80.37743173113273,-57.03493214006096,1979,8,0
5.0,4,4,988,117,0.49522595374544665,70.78706731785874,125.9000944535903,-9.77547775558564,134.85808602113974,1998,8,0
5.9,3,2,931,232,1.0971396425568485,111.00828737641967,281.3827381392799,-81.11707853446417,22.992131481035955,1978,4,0
5.5,1,8,256,198,0.39701866348654735,154.9438086447891,47.30770908286959,12.480233743300516,5.919963085015752,2005,6,0
6.6,7,3,767,205,2.09554328550092,62.31543960245898,222.92743678059213,-21.108745562801175,81.71205103023516,2017,5,1
5.6,2,5,750,146,1.7240410774242312,117.6816152024031,58.35748027669257,46.29404154275451,28.740325781192524,1979,9,0
5.7,3,1,732,270,0.3912682902881064,63.03576258417943,39.10980751582492,-34.983270569486976,-121.49436788743847,1988,8,0
5.1,6,5,676,138,1.1627819141085343,111.09952493900246,92.9068854058427,16.73688617413778,62.711144231374675,2000,2,0
5.4,9,2,718,180,0.37324251381797,159.26543046551717,399.51098152465266,6.783033915918082,-131.95120345843375,1986,12,0
5.8,8,8,758,29,0.48749066395049834,41.64437560669362,6.476363965703747,-89.15176340599659,110.10877392026231,1978,7,0
3.8,1,10,236,56,2.034147355772699,72.76349557926704,16.746221255924326,-76.96990831242414,176.30517517641755,2014,7,0
4.2,2,1,773,231,0.8180120810374527,178.78773535735436,269.6306055473476,-37.73372175251631,-44.14045500908054,2002,11,0
6.2,3,8,527,145,0.3886749697442815,156.34026508490294,25.962287697017473,68.80231458373771,-19.887876647275476,2003,12,0
5.7,9,4,551,47,0.2833508546349188,101.63517442131635,106.92583833455072,-63.53730811803986,-163.28388402618756,2014,1,0
5.3,0,7,711,193,0.5419051416100085,92.99296653376956,252.19184128380633,37.960979482897486,-175.05605229027182,1993,1,0
5.5,6,1,949,223,3.983152035871819,51.22806881484258,65.1683743397881,85.20598190741171,151.71096055547798,1978,12,0
5.8,1,5,918,135,1.5011779744449947,93.0976969848353,118.09248929673127,52.30215948440792,-133.69533824189085,1976,4,0
5.0,4,2,240,21,0.636693555804225,152.67266969039048,399.1101420290026,-46.26983489633209,-19.51965087859068,1985,5,0
4.7,0,9,182,5,1.4317988474842194,123.3314123900005,234.26360976763064,73.50574687435468,113.5276645880021,1988,4,0
5.7,2,4,276,203,2.593024265193306,52.20792507203758,106.98661393696233,-73.2407118284898,140.154753574195,2008,7,0
4.5,1,7,297,238,1.2512764187950636,36.26350578963593,5.13573763347334,-5.734450463267564,6.983166702048351,1975,3,0
5.9,0,9,723,184,3.0610320131996867,47.73753665942924,70.8636562549676,69.75754339075448,23.411708991341925,2019,7,1
3.8,6,0,667,291,1.3142197131049507,30.556656250708773,147.63718464716143,25.427827666236553,61.0862300867781,2020,8,0
6.5,4,4,790,219,1.9869830710703162,17.21532528426887,351.92479199313556,-15.54397834901421,166.0976892517375,1980,6,1
6.0,0,2,520,115,1.3907761327806298,75.44451139956989,313.094209074,-37.29368398730962,36.961185940021835,1981,6,1
5.8,5,3,500,48,1.4147442150608247,20.393928791688186,81.42289550811549,-22.48210704269701,21.411093404284657,2011,8,0
6.5,4,1,797,172,4.009250267381363,30.94426039087878,117.53739961562776,1.609520581671518,-174.76771130424336,1982,8,0
7.2,2,8,570,81,0.06463586319697723,98.5184431811075,72.26529970126218,-32.57209262289467,-150.8581072719518,1981,7,0
6.5,6,2,317,44,0.5129934715751827,29.62786926592345,286.8830922648147,84.41421517481393,27.78178558463864,1990,6,0
3.7,10,1,927,19,1.0879193610547349,11.498358137562512,126.56023966027008,77.95397755190612,157.04653961059313,1979,6,0
4.2,9,9,828,220,0.5165626469147164,57.12999300501934,45.436247853930354,66.72086427857772,132.0088854237822,1989,10,0
4.9,8,10,731,122,1.8936817023990393,39.657437751954156,58.3371204591361,-14.070629605922392,173.72841227719368,2019,11,0
5.5,8,8,274,233,0.5261075319345625,92.75493383898781,118.1735690251654,34.434318480341204,10.020253522058653,2005,6,0
6.0,8,6,122,220,0.4746832018727625,18.426075224977676,19.636514192524075,72.50927526647362,103.65513783759604,1997,8,0
4.8,1,5,824,2,1.4282079632865186,135.31874178293606,94.13698902596826,63.07730778220704,122.54411933616257,1993,1,0
5.7,2,0,334,181,2.903364463773739,163.12203349832495,34.80578410833721,-15.421137476362617,53.291396639110246,1974,5,0
4.7,6,4,112,205,1.6519485482059515,133.818331312115,24.498375974029386,-69.77051112199308,-58.05003448277739,2006,3,0
4.9,4,10,200,39,2.738534304354352,95.90886673225097,144.54815472636383,-76.3865345097811,-10.807763523194012,1981,12,0
4.1,1,10,635,58,0.4733601188347798,154.92020792199932,152.83905054946024,13.87152814062648,128.85014600768437,2004,8,0
4.6,2,2,975,61,1.792776826592389,125.08530836067135,58.51406827580658,25.673028337967693,-72.52274664642098,2009,11,0
4.1,9,0,622,131,2.9220888234742555,1.8992020410341737,407.4841710932855,62.97166882746433,152.5475272559935,1971,6,0
4.5,5,3,884,59,2.261258139049985,70.93622749941056,156.46896767552175,-37.34729633861441,-97.26971708784056,2019,2,0
6.6,6,1,551,121,0.46647563461317165,153.171341893224,175.05963844659823,-59.85531170099235,89.82590945644102,2010,7,1
4.6,8,1,530,106,1.8970652911895574,62.25459443554847,33.47070639467183,-21.778950027924097,47.0013243644658,2014,7,0
8.1,0,2,892,95,2.3053734908669656,6.33873123459423,469.9516796653116,-26.356477746190492,89.85579880347444,2008,5,0
6.0,10,7,705,234,0.5546547230192435,134.31233493940903,159.7943834122934,-66.15558827678615,-22.554873924265877,2011,8,0
5.7,6,7,812,61,1.103293021922605,144.36688865091634,114.93771632701689,31.01087745236738,155.75078251943444,1978,5,0
4.6,7,6,632,255,0.7338693426872547,28.90686510779554,33.97951300523604,1.5645493312876795,47.68999286813187,1991,1,0
6.2,2,5,951,48,1.0332942493644017,96.72128943177262,90.62421093312389,39.802096100657934,-76.21351036046774,2016,9,0
4.9,3,8,822,158,1.5463753183344835,34.551979019230636,112.27855852818608,-26.51559836944776,49.84382543477173,1974,4,1
5.6,9,3,751,123,1.3396885466701702,129.46219542794643,226.46052182735235,-31.373601916013584,-76.74633100546878,1981,2,0
8.1,5,0,392,206,0.3613167356278024,48.87908193194742,217.2568177169942,-4.93634645210598,-74.29233896644529,1970,4,1
5.4,9,7,909,47,1.7066586997937305,56.918722061399414,252.4876873658991,67.93332217112646,-36.14453581648755,2013,9,0
6.6,6,6,200,135,1.0609993211349589,152.09475365521826,302.424827808813,-82.74936478788354,126.87495032488283,1991,2,1
4.8,3,6,601,200,0.5964958361753366,85.73802339724278,13.914711658167455,54.869907113364974,0.10723478183712132,2007,4,0
5.5,7,2,403,249,1.0391912094036833,120.5558012192846,159.82529825179174,-23.582229721603838,64.40430320287467,2020,2,0
7.3,4,3,970,294,1.6023914482025932,72.42714913004417,30.494138477932623,63.83142464192599,-38.89161350119332,1988,5,0
4.9,0,9,639,208,0.9143550837459199,53.64123429487597,86.90906046786922,54.39654159045418,-85.10204166952268,1985,3,0
7.3,3,8,652,210,2.100467720021944,112.58605087643905,246.91105819283453,-27.222975468704092,163.6704578578433,2000,10,1
6.2,2,5,454,191,0.5451536139356984,27.87436333418783,293.5267179465442,34.897776357890876,37.289248964302544,2020,2,0
4.9,8,4,402,43,0.9488276462284834,67.13997040203535,133.7906438317644,-61.266103780780774,156.22248188977858,1972,9,1
6.1,7,2,595,28,1.8435160588512505,37.62666672946601,43.1923873253529,71.33067938948184,-106.77131920860658,1992,5,0
6.5,0,8,757,58,0.418299836700591,125.24309404933419,860.5100244423912,-17.1916083986563,-127.1181009913442,2011,10,0
6.1,10,4,867,70,0.5533039006835666,169.95759090229936,0.002937187072440395,-7.987389236063962,128.09624656460528,1987,5,0
3.9,5,4,326,91,0.7650552717987007,179.19197424285593,126.44215919918096,37.03662918665728,65.13019654221054,1995,1,0
4.8,8,3,335,264,0.9775948340188523,81.04982587948633,93.16015254828775,57.75124260687318,-112.83174026868912,1982,6,0
5.3,6,3,972,219,0.4977272745928294,45.45547013456,1.1720167381339124,-47.45830620092227,-83.0305077611264,1987,7,0
5.4,3,0,991,214,1.7486346925799838,79.70928666917834,28.54747255769186,29.043025177859178,108.23901894911205,1972,1,0
6.1,0,6,554,276,1.8451899312748585,152.50849379329028,3.1259753610260645,-19.440352099953273,-16.607296801463008,1992,9,0
5.7,1,8,112,63,2.1868135585193214,37.08102213936718,45.714689254687194,-23.633473679286965,61.394582342192706,1972,8,0
4.2,4,2,309,291,0.23760947365730367,171.37721729752627,44.31842754136713,34.20464830931785,-65.39327203103608,1994,12,0
5.9,10,1,840,244,2.2648716284361736,61.53583838366718,141.0972994542388,-20.30701065193182,-42.75721700104438,1996,8,0
6.1,4,2,496,61,2.112459619697162,177.4446587010549,123.86620423122619,-27.700469970406623,176.6565211043178,2013,7,0
6.1,7,0,199,169,1.646681446146114,150.9495997561132,74.2093899761368,60.45991346272365,-90.85784861710133,1996,5,0
6.6,5,5,130,268,0.047062592970865125,145.54269614653026,149.31633410998523,-71.77029771041884,2.32429573314505,2021,3,0
6.3,7,10,997,266,1.8324102993510059,57.222841279191044,292.8908107450314,31.660672109437925,123.98484354859158,2008,12,0
6.0,1,10,627,53,1.1728847037743622,1.5798981506273035,81.36884873829563,-45.229429117687566,-93.87964308029113,1994,9,0
5.4,2,6,748,15,2.5453603193054124,68.78392358867781,347.11926318040327,-87.21031647128575,-30.52304759364094,1993,7,0
3.8,5,10,428,7,0.4995631723089249,54.32568653928486,14.88582110468392,-59.98243160291544,41.43286345319578,1977,11,0
5.9,9,10,265,103,0.243391419507343,6.731458273583513,181.58725855061516,19.19907535965619,-6.7722654689630986,1978,10,0
5.7,2,1,558,58,0.06744766564166849,90.96574617106734,259.15583032047306,37.642894467468736,-14.57918403468571,2015,10,0
5.8,5,7,921,39,0.6527725209996813,72.5456360308926,116.89201281940097,-86.20959895986239,-49.496496724035495,2006,8,0
4.2,5,5,199,236,0.9819818900508052,114.22016419347446,185.0781470585978,-83.44342020569037,31.19267799897304,1999,6,0
4.4,1,3,720,93,1.0724204205991104,111.81353799493498,9.80099241649188,72.45758067173156,44.77417125249971,2022,12,0
6.6,6,4,954,221,0.35558883406281394,21.73439446140242,51.83355398499245,-76.80495273953044,55.18423472449052,1988,11,1
5.5,1,7,272,203,1.3003593601922185,175.85379830279206,588.5516325047453,70.95278855098283,-154.66748115382944,2022,5,0
6.2,5,2,848,137,1.0124189115001507,33.64765729946045,215.43206237304216,-48.930135524836956,47.172303256337614,1985,8,0
5.5,0,2,261,299,0.028640506638401453,80.14932445764683,184.5967702930787,43.2032040284783,163.1653843612438,1993,3,1
5.5,2,10,827,206,0.19728593663189598,87.86115781807229,296.93278430659814,-34.248015189717826,14.755044790110134,2013,12,0
